X,Y,Red,Green,Blue
1129,594,67,40,33
1130,594,40,23,20
1131,594,50,33,25
1132,594,101,74,57
1133,594,127,94,72
1134,594,123,92,70
1135,594,117,86,66
1136,594,118,87,67
1137,594,125,93,71
1138,594,134,99,77
1139,594,133,98,77
1140,594,124,92,71
1141,594,96,70,54
1142,594,83,64,51
1143,594,128,108,88
1144,594,181,164,140
1145,594,203,186,161
1146,594,194,168,140
1147,594,176,140,110
1148,594,161,128,100
1149,594,173,144,113
1150,594,199,180,154
1151,594,213,199,176
1152,594,218,206,184
1153,594,219,207,186
1154,594,222,211,189
1155,594,227,217,193
1156,594,228,217,194
1157,594,229,218,194
1158,594,228,217,194
1159,594,228,217,194
1160,594,227,216,193
1161,594,227,216,193
1162,594,227,216,193
1163,594,227,216,193
1164,594,227,216,193
1165,594,227,217,193
1166,594,230,219,196
1167,594,229,218,195
1168,594,229,218,195
1169,594,229,218,195
1170,594,229,218,195
1171,594,229,219,195
1172,594,230,219,196
1173,594,229,218,195
1174,594,229,218,195
1175,594,229,218,195
1176,594,229,218,194
1177,594,230,219,196
1178,594,230,219,196
1179,594,229,218,195
1180,594,229,218,195
1181,594,228,217,194
1182,594,225,214,191
1183,594,221,210,188
1184,594,222,211,189
1185,594,222,211,189
1186,594,222,211,188
1187,594,221,210,188
1188,594,223,212,190
1189,594,224,213,192
1190,594,224,213,192
1191,594,223,212,191
1192,594,224,213,192
1193,594,224,213,192
1194,594,225,214,192
1195,594,225,214,192
1196,594,225,214,192
1197,594,225,214,192
1198,594,224,213,191
1199,594,225,214,192
1200,594,225,214,192
1201,594,225,214,192
1202,594,225,214,192
1203,594,224,213,191
1204,594,224,213,191
1205,594,221,210,187
1206,594,219,209,186
1207,594,210,196,171
1208,594,190,167,139
1209,594,171,140,106
1210,594,166,133,99
1211,594,177,148,119
1212,594,191,167,143
1213,594,200,179,158
1214,594,159,137,121
1215,594,109,91,80
1216,594,109,84,69
1217,594,128,96,75
1218,594,130,97,76
1219,594,125,93,73
1220,594,125,93,73
1221,594,125,93,73
1222,594,120,90,71
1129,595,49,29,24
1130,595,48,32,25
1131,595,99,70,52
1132,595,131,97,74
1133,595,123,91,70
1134,595,117,86,66
1135,595,119,88,68
1136,595,124,92,71
1137,595,129,95,74
1138,595,133,98,76
1139,595,125,92,72
1140,595,96,70,54
1141,595,79,59,46
1142,595,117,107,91
1143,595,178,167,145
1144,595,203,187,162
1145,595,194,168,139
1146,595,176,140,110
1147,595,161,129,101
1148,595,171,142,115
1149,595,199,180,154
1150,595,210,195,171
1151,595,216,202,180
1152,595,217,204,182
1153,595,217,204,183
1154,595,222,210,187
1155,595,228,217,194
1156,595,228,217,194
1157,595,228,217,194
1158,595,229,218,195
1159,595,229,218,195
1160,595,227,216,193
1161,595,227,216,193
1162,595,227,216,193
1163,595,227,216,193
1164,595,227,216,193
1165,595,227,216,193
1166,595,229,218,195
1167,595,229,218,195
1168,595,229,218,195
1169,595,229,218,195
1170,595,229,218,195
1171,595,229,219,195
1172,595,229,218,195
1173,595,228,217,194
1174,595,228,217,193
1175,595,227,216,193
1176,595,227,216,193
1177,595,230,219,196
1178,595,230,219,196
1179,595,230,219,196
1180,595,229,218,195
1181,595,228,217,194
1182,595,226,215,192
1183,595,222,211,189
1184,595,222,211,189
1185,595,222,211,189
1186,595,221,210,188
1187,595,222,211,188
1188,595,224,213,191
1189,595,223,212,191
1190,595,223,212,191
1191,595,225,214,193
1192,595,226,215,194
1193,595,226,215,194
1194,595,225,214,192
1195,595,225,214,192
1196,595,225,214,192
1197,595,225,214,192
1198,595,225,214,192
1199,595,225,214,192
1200,595,225,214,192
1201,595,225,214,192
1202,595,225,214,192
1203,595,225,214,192
1204,595,225,214,192
1205,595,218,208,185
1206,595,216,206,183
1207,595,216,206,183
1208,595,209,195,171
1209,595,190,168,139
1210,595,170,138,104
1211,595,167,134,101
1212,595,177,148,119
1213,595,201,180,160
1214,595,199,177,155
1215,595,158,136,119
1216,595,111,91,78
1217,595,107,82,66
1218,595,131,98,76
1219,595,129,96,75
1220,595,125,93,73
1221,595,125,93,73
1222,595,125,93,74
1129,596,48,32,25
1130,596,98,69,52
1131,596,137,97,72
1132,596,122,90,68
1133,596,116,86,66
1134,596,119,88,68
1135,596,126,93,72
1136,596,133,98,76
1137,596,134,99,77
1138,596,125,92,72
1139,596,97,71,55
1140,596,72,51,39
1141,596,114,105,89
1142,596,180,170,150
1143,596,202,188,164
1144,596,194,167,138
1145,596,176,140,109
1146,596,161,129,101
1147,596,171,142,115
1148,596,200,184,159
1149,596,216,203,180
1150,596,216,203,181
1151,596,218,206,184
1152,596,220,208,187
1153,596,220,209,188
1154,596,223,212,190
1155,596,228,217,194
1156,596,228,217,194
1157,596,229,218,195
1158,596,229,218,195
1159,596,229,218,195
1160,596,227,216,193
1161,596,227,216,193
1162,596,227,216,193
1163,596,227,216,193
1164,596,227,216,193
1165,596,227,216,193
1166,596,227,216,193
1167,596,229,218,195
1168,596,229,218,195
1169,596,228,217,194
1170,596,229,218,195
1171,596,229,218,195
1172,596,229,218,194
1173,596,228,217,194
1174,596,230,219,195
1175,596,229,218,195
1176,596,229,218,195
1177,596,230,219,196
1178,596,230,219,196
1179,596,230,219,196
1180,596,230,219,196
1181,596,229,218,195
1182,596,226,215,192
1183,596,222,211,189
1184,596,222,211,189
1185,596,221,210,188
1186,596,222,211,188
1187,596,222,211,189
1188,596,223,212,191
1189,596,222,211,190
1190,596,222,210,190
1191,596,225,213,192
1192,596,226,214,193
1193,596,225,214,193
1194,596,225,214,192
1195,596,225,214,192
1196,596,225,214,192
1197,596,225,214,192
1198,596,225,214,192
1199,596,225,214,192
1200,596,226,215,193
1201,596,225,214,193
1202,596,225,214,192
1203,596,225,214,192
1204,596,225,214,192
1205,596,219,208,185
1206,596,216,206,183
1207,596,216,206,183
1208,596,216,206,183
1209,596,210,197,173
1210,596,191,169,141
1211,596,169,137,104
1212,596,166,133,99
1213,596,178,149,119
1214,596,191,167,143
1215,596,196,173,151
1216,596,154,139,122
1217,596,104,90,78
1218,596,103,78,62
1219,596,137,102,80
1220,596,127,95,74
1221,596,125,93,73
1222,596,118,88,70
1129,597,99,70,52
1130,597,139,98,73
1131,597,123,87,65
1132,597,115,84,65
1133,597,122,90,69
1134,597,128,95,73
1135,597,133,98,76
1136,597,137,102,78
1137,597,129,96,74
1138,597,97,71,55
1139,597,70,49,38
1140,597,110,102,86
1141,597,188,177,156
1142,597,200,189,167
1143,597,194,165,136
1144,597,174,139,108
1145,597,160,127,99
1146,597,171,143,116
1147,597,200,184,160
1148,597,214,204,182
1149,597,216,203,181
1150,597,216,203,181
1151,597,218,206,184
1152,597,219,208,186
1153,597,217,205,184
1154,597,221,209,186
1155,597,229,218,194
1156,597,228,217,194
1157,597,228,217,194
1158,597,227,216,193
1159,597,228,217,194
1160,597,227,216,193
1161,597,227,216,193
1162,597,227,216,193
1163,597,227,216,193
1164,597,227,216,193
1165,597,228,217,193
1166,597,230,219,195
1167,597,230,219,195
1168,597,228,217,194
1169,597,228,217,194
1170,597,228,217,194
1171,597,229,218,194
1172,597,229,218,194
1173,597,228,217,194
1174,597,230,219,195
1175,597,230,219,195
1176,597,230,219,195
1177,597,230,219,196
1178,597,230,219,196
1179,597,230,219,196
1180,597,230,219,196
1181,597,229,218,195
1182,597,226,215,192
1183,597,222,211,189
1184,597,222,211,188
1185,597,222,211,188
1186,597,222,211,189
1187,597,222,211,189
1188,597,223,212,191
1189,597,225,214,192
1190,597,225,214,193
1191,597,224,213,192
1192,597,224,213,192
1193,597,223,212,191
1194,597,225,214,192
1195,597,225,214,192
1196,597,225,214,192
1197,597,226,215,193
1198,597,229,219,197
1199,597,234,226,205
1200,597,237,229,208
1201,597,236,228,208
1202,597,233,224,203
1203,597,228,218,196
1204,597,225,214,192
1205,597,222,212,188
1206,597,218,208,184
1207,597,216,206,183
1208,597,216,206,183
1209,597,216,206,183
1210,597,212,199,177
1211,597,194,170,147
1212,597,166,133,100
1213,597,166,133,99
1214,597,177,148,119
1215,597,191,167,143
1216,597,196,178,157
1217,597,157,146,130
1218,597,100,88,76
1219,597,96,72,56
1220,597,144,107,84
1221,597,125,93,73
1222,597,127,95,75
1129,598,132,94,70
1130,598,125,88,66
1131,598,123,87,65
1132,598,124,91,70
1133,598,128,94,73
1134,598,135,100,77
1135,598,137,101,78
1136,598,133,99,76
1137,598,112,82,63
1138,598,77,57,45
1139,598,113,105,89
1140,598,188,177,156
1141,598,199,188,166
1142,598,176,166,147
1143,598,165,140,115
1144,598,161,128,100
1145,598,173,146,119
1146,598,198,182,158
1147,598,212,202,180
1148,598,214,204,182
1149,598,216,203,181
1150,598,218,207,186
1151,598,220,208,187
1152,598,220,209,188
1153,598,220,209,188
1154,598,223,212,190
1155,598,228,217,194
1156,598,228,217,194
1157,598,228,217,194
1158,598,228,217,194
1159,598,229,218,194
1160,598,227,216,193
1161,598,227,216,193
1162,598,227,216,193
1163,598,227,216,193
1164,598,227,216,193
1165,598,227,216,193
1166,598,228,217,194
1167,598,228,217,194
1168,598,228,217,194
1169,598,229,218,195
1170,598,229,218,195
1171,598,229,218,195
1172,598,229,218,194
1173,598,228,217,194
1174,598,228,217,194
1175,598,229,218,195
1176,598,229,218,195
1177,598,230,219,195
1178,598,229,218,195
1179,598,228,218,194
1180,598,229,218,195
1181,598,229,218,195
1182,598,227,216,193
1183,598,225,214,192
1184,598,228,219,197
1185,598,231,222,201
1186,598,231,222,201
1187,598,229,219,198
1188,598,225,214,193
1189,598,222,211,190
1190,598,222,211,190
1191,598,222,211,190
1192,598,222,211,190
1193,598,223,212,191
1194,598,225,214,192
1195,598,225,214,192
1196,598,226,215,193
1197,598,229,219,198
1198,598,238,231,211
1199,598,246,240,221
1200,598,245,240,221
1201,598,247,241,222
1202,598,244,238,218
1203,598,237,229,208
1204,598,229,219,198
1205,598,219,208,185
1206,598,219,209,185
1207,598,220,210,187
1208,598,220,210,187
1209,598,219,209,185
1210,598,215,203,181
1211,598,208,190,172
1212,598,194,170,146
1213,598,169,137,105
1214,598,167,135,101
1215,598,177,148,119
1216,598,189,170,146
1217,598,191,178,159
1218,598,160,148,132
1219,598,102,90,78
1220,598,95,71,55
1221,598,143,107,83
1222,598,129,96,76
1129,599,124,91,69
1130,599,125,91,70
1131,599,128,94,72
1132,599,118,96,78
1133,599,123,94,73
1134,599,127,94,72
1135,599,127,94,72
1136,599,109,81,62
1137,599,95,73,55
1138,599,136,116,93
1139,599,203,193,173
1140,599,231,223,203
1141,599,240,232,211
1142,599,237,230,209
1143,599,220,208,185
1144,599,201,181,156
1145,599,203,185,161
1146,599,214,201,179
1147,599,219,208,187
1148,599,219,208,187
1149,599,221,209,188
1150,599,222,211,190
1151,599,224,212,191
1152,599,225,213,192
1153,599,225,214,193
1154,599,226,215,194
1155,599,229,218,195
1156,599,230,219,196
1157,599,230,219,195
1158,599,230,219,195
1159,599,230,219,195
1160,599,229,218,195
1161,599,229,218,195
1162,599,229,218,195
1163,599,229,218,195
1164,599,229,218,195
1165,599,229,218,195
1166,599,229,218,195
1167,599,230,219,195
1168,599,230,219,196
1169,599,230,219,196
1170,599,230,219,195
1171,599,229,218,195
1172,599,228,217,194
1173,599,228,217,194
1174,599,228,217,194
1175,599,228,217,194
1176,599,228,217,194
1177,599,227,215,193
1178,599,227,215,193
1179,599,226,215,192
1180,599,227,215,193
1181,599,226,215,192
1182,599,226,216,194
1183,599,232,223,203
1184,599,241,234,215
1185,599,246,240,221
1186,599,246,240,221
1187,599,241,234,215
1188,599,232,224,204
1189,599,224,214,194
1190,599,222,210,190
1191,599,223,212,191
1192,599,223,212,192
1193,599,224,213,192
1194,599,225,213,191
1195,599,225,213,191
1196,599,230,219,196
1197,599,239,230,210
1198,599,247,242,223
1199,599,221,216,199
1200,599,189,185,170
1201,599,197,193,177
1202,599,226,221,204
1203,599,243,238,218
1204,599,240,231,211
1205,599,229,219,196
1206,599,227,216,192
1207,599,226,216,193
1208,599,228,217,195
1209,599,229,218,197
1210,599,228,219,197
1211,599,225,215,193
1212,599,221,210,186
1213,599,196,175,148
1214,599,170,139,105
1215,599,167,134,99
1216,599,177,148,118
1217,599,189,166,142
1218,599,190,170,149
1219,599,163,143,126
1220,599,110,89,77
1221,599,89,71,60
1222,599,135,102,80
1129,600,125,92,71
1130,600,132,97,75
1131,600,133,99,76
1132,600,122,94,74
1133,600,123,92,71
1134,600,124,92,70
1135,600,106,79,60
1136,600,94,73,58
1137,600,125,107,89
1138,600,201,186,164
1139,600,236,228,208
1140,600,240,235,217
1141,600,226,221,204
1142,600,223,218,201
1143,600,238,233,215
1144,600,244,237,218
1145,600,224,212,190
1146,600,218,206,185
1147,600,217,205,183
1148,600,217,205,184
1149,600,219,208,188
1150,600,222,211,190
1151,600,223,212,191
1152,600,224,213,192
1153,600,225,214,193
1154,600,226,215,193
1155,600,228,217,194
1156,600,228,217,194
1157,600,230,219,196
1158,600,229,218,194
1159,600,229,218,195
1160,600,229,218,195
1161,600,229,218,195
1162,600,229,218,195
1163,600,229,218,195
1164,600,229,218,195
1165,600,229,218,195
1166,600,230,219,196
1167,600,229,218,195
1168,600,228,217,194
1169,600,228,217,194
1170,600,228,217,194
1171,600,229,218,195
1172,600,229,218,195
1173,600,229,218,195
1174,600,229,218,195
1175,600,229,218,195
1176,600,229,218,195
1177,600,229,217,194
1178,600,228,216,193
1179,600,228,216,193
1180,600,228,216,194
1181,600,229,217,195
1182,600,235,227,207
1183,600,245,239,220
1184,600,235,230,212
1185,600,221,216,199
1186,600,219,215,198
1187,600,232,228,210
1188,600,245,240,221
1189,600,240,233,213
1190,600,226,216,196
1191,600,223,213,192
1192,600,223,212,191
1193,600,224,213,192
1194,600,226,214,192
1195,600,227,215,193
1196,600,232,222,200
1197,600,245,240,220
1198,600,239,234,216
1199,600,133,129,118
1200,600,55,52,46
1201,600,67,64,58
1202,600,153,149,137
1203,600,225,221,203
1204,600,245,238,219
1205,600,236,227,205
1206,600,230,218,195
1207,600,232,221,199
1208,600,239,232,211
1209,600,245,239,219
1210,600,247,241,222
1211,600,244,239,219
1212,600,238,231,211
1213,600,224,214,192
1214,600,197,177,149
1215,600,173,142,109
1216,600,168,135,101
1217,600,178,148,119
1218,600,193,169,145
1219,600,199,179,161
1220,600,165,143,125
1221,600,106,87,77
1222,600,104,79,62
1129,601,131,97,75
1130,601,135,100,77
1131,601,138,102,79
1132,601,126,93,71
1133,601,124,92,70
1134,601,106,78,60
1135,601,96,75,59
1136,601,122,105,88
1137,601,171,156,136
1138,601,228,218,197
1139,601,244,238,218
1140,601,197,192,177
1141,601,114,110,100
1142,601,94,91,83
1143,601,187,182,168
1144,601,245,240,222
1145,601,245,239,219
1146,601,225,215,193
1147,601,219,207,186
1148,601,218,207,185
1149,601,221,210,189
1150,601,223,212,191
1151,601,224,213,192
1152,601,225,214,193
1153,601,225,214,193
1154,601,226,215,193
1155,601,227,216,193
1156,601,227,216,193
1157,601,228,217,194
1158,601,229,218,195
1159,601,229,218,195
1160,601,228,217,194
1161,601,229,218,195
1162,601,229,218,195
1163,601,229,218,195
1164,601,229,218,195
1165,601,229,218,195
1166,601,230,219,195
1167,601,228,217,194
1168,601,229,218,194
1169,601,228,217,194
1170,601,228,217,194
1171,601,229,218,195
1172,601,230,219,195
1173,601,230,219,195
1174,601,230,219,195
1175,601,229,218,195
1176,601,229,218,194
1177,601,229,217,194
1178,601,229,218,194
1179,601,229,217,194
1180,601,228,216,194
1181,601,233,222,200
1182,601,245,239,220
1183,601,243,238,219
1184,601,168,164,150
1185,601,84,80,73
1186,601,76,73,66
1187,601,150,146,134
1188,601,228,224,206
1189,601,248,243,223
1190,601,238,230,211
1191,601,226,215,194
1192,601,223,212,191
1193,601,225,214,192
1194,601,226,214,192
1195,601,227,215,194
1196,601,233,224,203
1197,601,244,239,221
1198,601,217,212,195
1199,601,52,49,44
1200,601,39,36,32
1201,601,39,36,32
1202,601,68,65,59
1203,601,166,162,149
1204,601,247,241,222
1205,601,240,232,212
1206,601,230,220,197
1207,601,244,238,218
1208,601,247,242,223
1209,601,241,236,217
1210,601,238,233,215
1211,601,239,234,216
1212,601,243,238,220
1213,601,245,240,220
1214,601,235,227,207
1215,601,200,180,154
1216,601,173,143,110
1217,601,169,137,104
1218,601,180,151,123
1219,601,195,172,149
1220,601,194,171,149
1221,601,163,141,124
1222,601,105,90,77
1129,602,135,100,77
1130,602,137,102,78
1131,602,140,104,80
1132,602,116,86,66
1133,602,104,77,59
1134,602,95,74,58
1135,602,122,105,89
1136,602,167,152,133
1137,602,198,183,159
1138,602,232,222,199
1139,602,242,237,218
1140,602,148,144,132
1141,602,46,43,38
1142,602,43,40,36
1143,602,72,69,63
1144,602,206,201,185
1145,602,244,239,221
1146,602,236,228,208
1147,602,223,213,193
1148,602,218,207,185
1149,602,222,211,190
1150,602,224,214,193
1151,602,226,215,194
1152,602,226,215,194
1153,602,226,215,194
1154,602,227,216,194
1155,602,228,217,194
1156,602,228,217,194
1157,602,228,217,194
1158,602,230,219,195
1159,602,229,219,195
1160,602,229,218,194
1161,602,229,218,195
1162,602,229,218,195
1163,602,228,217,194
1164,602,228,217,194
1165,602,229,218,195
1166,602,230,219,195
1167,602,227,216,193
1168,602,230,219,195
1169,602,230,219,195
1170,602,229,218,195
1171,602,229,218,195
1172,602,229,218,195
1173,602,229,218,195
1174,602,229,218,194
1175,602,228,217,194
1176,602,228,217,194
1177,602,228,216,193
1178,602,228,216,193
1179,602,228,216,193
1180,602,227,215,193
1181,602,240,232,212
1182,602,247,241,222
1183,602,180,176,162
1184,602,88,84,77
1185,602,42,38,34
1186,602,41,38,34
1187,602,56,53,48
1188,602,114,111,101
1189,602,245,240,221
1190,602,247,242,223
1191,602,229,219,199
1192,602,225,215,194
1193,602,226,214,193
1194,602,227,215,193
1195,602,228,217,194
1196,602,235,225,204
1197,602,243,238,220
1198,602,210,205,189
1199,602,51,48,43
1200,602,39,36,32
1201,602,39,36,32
1202,602,42,39,35
1203,602,143,139,128
1204,602,247,242,223
1205,602,244,238,218
1206,602,237,228,207
1207,602,247,242,223
1208,602,224,219,202
1209,602,117,114,104
1210,602,73,70,63
1211,602,97,93,85
1212,602,167,163,150
1213,602,229,224,207
1214,602,247,242,222
1215,602,238,231,211
1216,602,196,174,148
1217,602,174,143,112
1218,602,169,136,104
1219,602,178,148,119
1220,602,191,166,141
1221,602,197,174,152
1222,602,153,141,125
1129,603,137,102,78
1130,603,138,103,79
1131,603,137,101,78
1132,603,96,71,54
1133,603,87,68,53
1134,603,121,104,88
1135,603,168,153,134
1136,603,188,173,152
1137,603,188,171,145
1138,603,229,218,194
1139,603,228,223,206
1140,603,132,128,117
1141,603,39,36,32
1142,603,39,36,32
1143,603,49,46,41
1144,603,109,105,96
1145,603,236,231,213
1146,603,244,238,219
1147,603,226,217,196
1148,603,218,205,184
1149,603,220,209,189
1150,603,224,213,192
1151,603,226,214,193
1152,603,226,215,194
1153,603,226,215,194
1154,603,227,216,194
1155,603,230,219,195
1156,603,230,219,196
1157,603,230,219,196
1158,603,230,219,196
1159,603,230,219,196
1160,603,231,220,197
1161,603,236,227,205
1162,603,241,234,214
1163,603,243,236,216
1164,603,240,232,212
1165,603,234,225,202
1166,603,231,221,197
1167,603,227,216,193
1168,603,229,218,194
1169,603,230,219,195
1170,603,230,219,195
1171,603,229,218,195
1172,603,229,218,194
1173,603,229,218,195
1174,603,228,218,194
1175,603,228,217,194
1176,603,229,218,194
1177,603,227,215,193
1178,603,227,215,193
1179,603,227,215,193
1180,603,228,216,193
1181,603,244,237,217
1182,603,247,242,223
1183,603,131,127,116
1184,603,56,53,48
1185,603,39,36,32
1186,603,39,36,32
1187,603,41,38,34
1188,603,71,68,61
1189,603,209,205,189
1190,603,245,240,221
1191,603,232,224,203
1192,603,227,216,195
1193,603,226,215,194
1194,603,228,216,193
1195,603,229,217,195
1196,603,235,225,204
1197,603,245,240,222
1198,603,222,218,200
1199,603,52,49,44
1200,603,39,36,32
1201,603,39,36,32
1202,603,39,36,32
1203,603,137,133,122
1204,603,242,237,218
1205,603,246,240,220
1206,603,241,233,213
1207,603,244,239,220
1208,603,163,159,146
1209,603,67,64,57
1210,603,43,40,36
1211,603,47,44,40
1212,603,62,59,53
1213,603,122,118,108
1214,603,213,208,192
1215,603,245,240,220
1216,603,226,215,195
1217,603,193,168,145
1218,603,173,142,111
1219,603,168,136,103
1220,603,177,148,119
1221,603,191,167,143
1222,603,195,180,160
1129,604,136,101,77
1130,604,131,97,75
1131,604,118,87,67
1132,604,90,69,52
1133,604,122,104,87
1134,604,173,158,138
1135,604,193,177,153
1136,604,176,158,134
1137,604,169,149,124
1138,604,226,215,192
1139,604,227,222,205
1140,604,130,127,116
1141,604,39,36,32
1142,604,39,36,32
1143,604,41,38,34
1144,604,58,54,49
1145,604,229,224,206
1146,604,246,241,222
1147,604,230,221,200
1148,604,222,211,190
1149,604,222,210,190
1150,604,224,213,192
1151,604,226,214,193
1152,604,227,215,193
1153,604,227,215,193
1154,604,230,219,198
1155,604,233,223,200
1156,604,232,221,198
1157,604,230,219,196
1158,604,230,219,196
1159,604,232,221,199
1160,604,238,230,208
1161,604,245,239,219
1162,604,247,241,222
1163,604,247,242,223
1164,604,246,241,222
1165,604,244,238,218
1166,604,237,229,208
1167,604,230,220,197
1168,604,228,217,194
1169,604,228,217,194
1170,604,229,218,195
1171,604,229,218,195
1172,604,229,218,195
1173,604,229,218,195
1174,604,230,219,196
1175,604,230,219,196
1176,604,229,218,195
1177,604,228,217,194
1178,604,229,217,194
1179,604,230,218,195
1180,604,230,218,196
1181,604,244,237,217
1182,604,247,242,223
1183,604,129,125,114
1184,604,55,52,47
1185,604,39,36,32
1186,604,39,36,32
1187,604,39,36,32
1188,604,64,61,55
1189,604,206,201,185
1190,604,245,240,221
1191,604,236,228,208
1192,604,232,222,202
1193,604,229,218,197
1194,604,227,215,193
1195,604,225,213,191
1196,604,234,224,202
1197,604,247,242,223
1198,604,235,230,212
1199,604,56,52,47
1200,604,39,36,32
1201,604,39,36,32
1202,604,39,36,32
1203,604,135,131,120
1204,604,240,236,217
1205,604,245,239,219
1206,604,239,231,210
1207,604,246,241,222
1208,604,202,197,182
1209,604,92,88,81
1210,604,47,44,40
1211,604,39,36,32
1212,604,40,37,33
1213,604,69,66,60
1214,604,151,146,134
1215,604,247,241,222
1216,604,237,230,210
1217,604,210,193,173
1218,604,193,169,144
1219,604,171,140,107
1220,604,167,134,100
1221,604,177,148,118
1222,604,190,172,149
1129,605,123,91,69
1130,605,115,85,65
1131,605,79,59,46
1132,605,132,109,84
1133,605,187,170,146
1134,605,201,185,161
1135,605,191,165,134
1136,605,172,142,105
1137,605,171,144,112
1138,605,229,217,195
1139,605,232,228,210
1140,605,135,131,120
1141,605,39,36,32
1142,605,39,36,32
1143,605,40,37,33
1144,605,55,52,47
1145,605,229,224,207
1146,605,247,242,223
1147,605,241,234,214
1148,605,232,223,201
1149,605,228,218,195
1150,605,228,217,194
1151,605,228,217,194
1152,605,230,220,197
1153,605,238,229,207
1154,605,242,235,214
1155,605,243,236,216
1156,605,241,234,213
1157,605,236,227,205
1158,605,231,221,199
1159,605,235,225,203
1160,605,245,239,219
1161,605,235,230,212
1162,605,167,162,149
1163,605,140,136,125
1164,605,183,179,164
1165,605,232,227,209
1166,605,244,238,218
1167,605,237,228,206
1168,605,228,218,195
1169,605,227,217,193
1170,605,228,217,194
1171,605,229,218,195
1172,605,228,217,194
1173,605,228,217,193
1174,605,229,218,195
1175,605,230,219,196
1176,605,227,216,193
1177,605,227,215,192
1178,605,228,216,193
1179,605,229,217,194
1180,605,229,217,194
1181,605,241,233,213
1182,605,247,241,222
1183,605,141,137,126
1184,605,62,59,53
1185,605,39,36,32
1186,605,39,36,32
1187,605,39,36,32
1188,605,68,65,59
1189,605,227,222,204
1190,605,246,241,223
1191,605,244,238,218
1192,605,242,236,216
1193,605,241,233,213
1194,605,236,228,207
1195,605,231,221,199
1196,605,232,222,201
1197,605,247,242,223
1198,605,239,234,216
1199,605,62,59,53
1200,605,41,38,33
1201,605,39,36,32
1202,605,39,36,32
1203,605,135,131,120
1204,605,240,235,217
1205,605,243,237,217
1206,605,233,223,202
1207,605,246,240,221
1208,605,238,233,214
1209,605,192,187,172
1210,605,122,118,108
1211,605,63,59,54
1212,605,39,36,32
1213,605,57,54,48
1214,605,129,125,115
1215,605,247,242,223
1216,605,241,235,215
1217,605,221,212,189
1218,605,213,200,175
1219,605,191,168,140
1220,605,167,134,99
1221,605,164,130,94
1222,605,177,148,119
1129,606,114,85,64
1130,606,76,58,44
1131,606,113,96,80
1132,606,190,175,153
1133,606,202,187,165
1134,606,191,165,132
1135,606,171,141,105
1136,606,159,131,97
1137,606,175,151,120
1138,606,235,226,205
1139,606,240,235,216
1140,606,142,138,126
1141,606,39,36,32
1142,606,39,36,32
1143,606,42,39,35
1144,606,67,64,58
1145,606,193,189,174
1146,606,229,224,206
1147,606,243,238,219
1148,606,242,234,214
1149,606,233,224,202
1150,606,228,217,194
1151,606,231,220,198
1152,606,237,229,207
1153,606,245,239,220
1154,606,242,237,218
1155,606,230,225,207
1156,606,242,236,217
1157,606,244,238,218
1158,606,239,231,210
1159,606,241,234,213
1160,606,239,234,215
1161,606,192,188,173
1162,606,77,73,67
1163,606,55,52,47
1164,606,90,87,79
1165,606,186,181,167
1166,606,238,233,214
1167,606,241,233,213
1168,606,232,222,199
1169,606,230,219,196
1170,606,230,219,196
1171,606,230,219,195
1172,606,230,219,195
1173,606,230,219,195
1174,606,230,219,196
1175,606,230,219,195
1176,606,230,219,195
1177,606,230,218,195
1178,606,229,217,194
1179,606,228,216,193
1180,606,229,217,194
1181,606,239,232,212
1182,606,246,241,222
1183,606,149,145,133
1184,606,67,64,58
1185,606,39,36,32
1186,606,39,36,32
1187,606,45,42,38
1188,606,90,86,78
1189,606,244,239,220
1190,606,248,243,224
1191,606,237,232,214
1192,606,223,218,201
1193,606,235,231,212
1194,606,245,239,220
1195,606,241,234,214
1196,606,239,232,212
1197,606,247,242,223
1198,606,240,235,217
1199,606,72,69,63
1200,606,43,40,35
1201,606,39,36,32
1202,606,39,36,32
1203,606,134,130,119
1204,606,239,234,216
1205,606,243,236,216
1206,606,230,219,196
1207,606,238,229,208
1208,606,244,237,217
1209,606,247,242,223
1210,606,208,203,187
1211,606,137,133,122
1212,606,74,71,64
1213,606,79,76,69
1214,606,160,156,143
1215,606,247,242,222
1216,606,239,232,211
1217,606,218,208,185
1218,606,216,206,183
1219,606,212,199,175
1220,606,192,170,142
1221,606,164,130,95
1222,606,166,133,98
1129,607,85,65,51
1130,607,116,99,83
1131,607,182,168,148
1132,607,200,185,163
1133,607,191,164,130
1134,607,171,141,106
1135,607,160,132,98
1136,607,172,147,117
1137,607,199,182,158
1138,607,238,231,210
1139,607,246,241,222
1140,607,147,143,131
1141,607,39,36,32
1142,607,39,36,32
1143,607,42,39,34
1144,607,59,56,51
1145,607,111,107,98
1146,607,145,141,129
1147,607,210,206,190
1148,607,242,237,217
1149,607,238,230,209
1150,607,230,220,197
1151,607,234,224,202
1152,607,245,239,219
1153,607,243,238,220
1154,607,176,171,158
1155,607,146,142,131
1156,607,191,186,172
1157,607,233,229,211
1158,607,246,241,221
1159,607,246,240,220
1160,607,221,216,199
1161,607,129,125,114
1162,607,39,36,32
1163,607,39,36,32
1164,607,39,36,32
1165,607,136,132,121
1166,607,219,214,197
1167,607,242,236,216
1168,607,233,224,202
1169,607,227,217,193
1170,607,228,217,194
1171,607,229,218,195
1172,607,229,218,195
1173,607,229,218,195
1174,607,229,218,194
1175,607,230,219,195
1176,607,230,219,195
1177,607,230,218,195
1178,607,229,217,194
1179,607,229,217,194
1180,607,229,218,195
1181,607,240,232,211
1182,607,246,241,222
1183,607,152,148,136
1184,607,69,65,59
1185,607,39,36,32
1186,607,39,36,32
1187,607,52,49,44
1188,607,107,103,94
1189,607,206,201,185
1190,607,187,182,168
1191,607,157,153,141
1192,607,136,133,122
1193,607,157,153,141
1194,607,200,196,180
1195,607,235,230,212
1196,607,247,242,222
1197,607,248,243,224
1198,607,240,236,217
1199,607,86,82,75
1200,607,45,42,38
1201,607,39,36,32
1202,607,39,36,32
1203,607,133,129,119
1204,607,238,233,215
1205,607,244,238,218
1206,607,234,224,202
1207,607,235,225,203
1208,607,240,232,211
1209,607,245,239,220
1210,607,248,242,223
1211,607,216,211,195
1212,607,164,160,147
1213,607,158,154,142
1214,607,214,209,192
1215,607,246,240,221
1216,607,233,224,203
1217,607,217,207,184
1218,607,216,206,183
1219,607,215,205,182
1220,607,211,199,175
1221,607,192,170,142
1222,607,169,137,104
1129,608,119,102,86
1130,608,177,162,142
1131,608,192,178,157
1132,608,189,162,129
1133,608,171,142,107
1134,608,162,134,99
1135,608,177,154,125
1136,608,202,187,164
1137,608,221,211,190
1138,608,242,236,216
1139,608,248,243,224
1140,608,150,146,134
1141,608,40,37,33
1142,608,39,36,32
1143,608,39,36,32
1144,608,39,36,32
1145,608,39,36,32
1146,608,43,40,36
1147,608,150,146,134
1148,608,226,221,204
1149,608,242,236,215
1150,608,235,227,204
1151,608,238,229,207
1152,608,244,239,221
1153,608,217,213,196
1154,608,73,70,64
1155,608,43,40,36
1156,608,105,101,92
1157,608,201,196,181
1158,608,248,243,224
1159,608,246,241,222
1160,608,200,196,180
1161,608,73,69,63
1162,608,39,36,32
1163,608,39,36,32
1164,608,39,36,32
1165,608,117,113,103
1166,608,207,203,187
1167,608,245,239,219
1168,608,237,229,208
1169,608,231,221,199
1170,608,231,220,198
1171,608,230,219,195
1172,608,229,218,195
1173,608,229,218,195
1174,608,230,219,195
1175,608,230,219,195
1176,608,228,217,193
1177,608,230,218,195
1178,608,230,218,195
1179,608,230,218,195
1180,608,228,217,195
1181,608,239,231,211
1182,608,246,241,222
1183,608,151,147,135
1184,608,68,65,59
1185,608,39,36,32
1186,608,39,36,32
1187,608,50,47,42
1188,608,86,82,75
1189,608,112,108,99
1190,608,77,73,67
1191,608,46,43,39
1192,608,39,36,32
1193,608,51,48,43
1194,608,108,104,95
1195,608,193,188,173
1196,608,248,243,224
1197,608,248,243,224
1198,608,241,236,218
1199,608,101,98,89
1200,608,48,45,40
1201,608,39,36,32
1202,608,39,36,32
1203,608,132,128,117
1204,608,236,231,213
1205,608,246,241,222
1206,608,242,235,215
1207,608,242,235,215
1208,608,242,235,215
1209,608,244,238,219
1210,608,247,242,223
1211,608,248,243,224
1212,608,248,243,224
1213,608,247,242,223
1214,608,246,240,221
1215,608,241,234,214
1216,608,226,216,194
1217,608,218,208,185
1218,608,216,206,183
1219,608,216,206,183
1220,608,215,205,182
1221,608,211,199,175
1222,608,193,169,144
1129,609,172,157,138
1130,609,191,177,156
1131,609,168,152,133
1132,609,168,140,106
1133,609,163,136,101
1134,609,184,162,134
1135,609,212,199,176
1136,609,232,224,205
1137,609,244,239,220
1138,609,241,236,218
1139,609,228,223,205
1140,609,137,133,122
1141,609,42,39,35
1142,609,39,36,32
1143,609,39,36,32
1144,609,39,36,32
1145,609,39,36,32
1146,609,39,36,32
1147,609,113,110,100
1148,609,205,201,185
1149,609,244,237,217
1150,609,239,231,209
1151,609,240,233,212
1152,609,237,232,213
1153,609,164,160,147
1154,609,49,46,41
1155,609,39,36,32
1156,609,60,57,52
1157,609,175,171,157
1158,609,248,243,224
1159,609,237,232,214
1160,609,173,169,155
1161,609,40,37,33
1162,609,39,36,32
1163,609,39,36,32
1164,609,40,37,33
1165,609,135,131,121
1166,609,218,214,197
1167,609,248,243,224
1168,609,246,240,221
1169,609,242,235,215
1170,609,239,231,210
1171,609,234,224,202
1172,609,230,220,196
1173,609,228,217,194
1174,609,229,218,195
1175,609,228,217,194
1176,609,227,216,193
1177,609,228,217,194
1178,609,230,218,195
1179,609,228,216,194
1180,609,227,215,193
1181,609,239,231,211
1182,609,246,241,222
1183,609,150,146,134
1184,609,68,64,58
1185,609,39,36,32
1186,609,39,36,32
1187,609,39,36,32
1188,609,39,36,32
1189,609,39,36,32
1190,609,39,36,32
1191,609,39,36,32
1192,609,39,36,32
1193,609,39,36,32
1194,609,51,48,43
1195,609,133,129,118
1196,609,248,243,224
1197,609,248,243,224
1198,609,242,237,219
1199,609,119,115,105
1200,609,52,48,44
1201,609,39,36,32
1202,609,39,36,32
1203,609,128,124,114
1204,609,231,227,209
1205,609,246,241,222
1206,609,237,232,214
1207,609,227,222,204
1208,609,228,223,206
1209,609,236,231,213
1210,609,245,240,221
1211,609,248,243,224
1212,609,246,241,221
1213,609,243,237,217
1214,609,239,230,210
1215,609,230,219,198
1216,609,221,210,188
1217,609,218,208,185
1218,609,219,209,186
1219,609,219,209,186
1220,609,219,209,185
1221,609,216,206,183
1222,609,207,190,171
1129,610,194,177,154
1130,610,184,158,129
1131,610,157,133,106
1132,610,161,132,99
1133,610,188,167,138
1134,610,232,223,201
1135,610,247,242,223
1136,610,243,238,220
1137,610,239,235,216
1138,610,198,193,178
1139,610,122,118,108
1140,610,62,58,53
1141,610,39,36,32
1142,610,39,36,32
1143,610,39,36,32
1144,610,39,36,32
1145,610,39,36,32
1146,610,43,40,36
1147,610,134,130,119
1148,610,217,212,195
1149,610,243,237,217
1150,610,238,230,209
1151,610,241,233,213
1152,610,233,228,210
1153,610,141,137,126
1154,610,47,44,40
1155,610,39,36,32
1156,610,57,54,49
1157,610,173,169,155
1158,610,248,243,224
1159,610,218,213,196
1160,610,133,129,118
1161,610,39,36,32
1162,610,39,36,32
1163,610,39,36,32
1164,610,51,48,43
1165,610,182,177,163
1166,610,242,237,218
1167,610,244,239,220
1168,610,241,237,218
1169,610,242,237,218
1170,610,245,240,221
1171,610,247,242,223
1172,610,237,229,208
1173,610,231,220,197
1174,610,229,218,195
1175,610,229,218,195
1176,610,229,218,195
1177,610,229,217,194
1178,610,230,218,195
1179,610,229,217,194
1180,610,227,215,193
1181,610,239,232,211
1182,610,247,241,222
1183,610,148,144,132
1184,610,66,63,57
1185,610,39,36,32
1186,610,39,36,32
1187,610,39,36,32
1188,610,39,36,32
1189,610,39,36,32
1190,610,39,36,32
1191,610,39,36,32
1192,610,39,36,32
1193,610,40,37,33
1194,610,53,50,45
1195,610,134,130,119
1196,610,248,243,224
1197,610,248,243,224
1198,610,243,238,219
1199,610,141,137,125
1200,610,56,53,47
1201,610,39,36,32
1202,610,39,36,32
1203,610,123,119,109
1204,610,222,217,200
1205,610,226,221,204
1206,610,174,169,156
1207,610,117,113,103
1208,610,125,121,111
1209,610,170,165,152
1210,610,225,220,203
1211,610,246,241,222
1212,610,241,233,212
1213,610,230,219,197
1214,610,228,216,193
1215,610,228,216,193
1216,610,225,213,191
1217,610,223,212,189
1218,610,223,212,189
1219,610,224,213,190
1220,610,223,212,189
1221,610,220,209,187
1222,610,217,204,183
1129,611,187,161,131
1130,611,170,137,102
1131,611,158,127,94
1132,611,182,157,126
1133,611,219,205,181
1134,611,246,241,222
1135,611,236,232,213
1136,611,168,164,151
1137,611,100,96,88
1138,611,59,56,50
1139,611,44,41,36
1140,611,40,37,33
1141,611,39,36,32
1142,611,39,36,32
1143,611,39,36,32
1144,611,39,36,32
1145,611,39,36,32
1146,611,115,111,102
1147,611,210,206,189
1148,611,246,241,222
1149,611,241,233,213
1150,611,235,227,204
1151,611,241,234,214
1152,611,232,227,209
1153,611,133,129,118
1154,611,47,44,39
1155,611,39,36,32
1156,611,72,69,63
1157,611,182,177,163
1158,611,248,243,224
1159,611,200,195,180
1160,611,97,94,85
1161,611,39,36,32
1162,611,39,36,32
1163,611,39,36,32
1164,611,116,113,103
1165,611,214,209,192
1166,611,226,221,204
1167,611,179,175,160
1168,611,135,131,121
1169,611,137,133,122
1170,611,191,187,172
1171,611,248,243,224
1172,611,247,242,223
1173,611,235,226,203
1174,611,231,220,196
1175,611,229,218,195
1176,611,230,219,195
1177,611,230,218,195
1178,611,229,217,194
1179,611,229,217,194
1180,611,227,215,193
1181,611,239,232,212
1182,611,247,241,222
1183,611,146,142,130
1184,611,65,62,56
1185,611,39,36,32
1186,611,39,36,32
1187,611,39,36,32
1188,611,39,36,32
1189,611,39,36,32
1190,611,39,36,32
1191,611,39,36,32
1192,611,39,36,32
1193,611,57,54,49
1194,611,123,119,109
1195,611,206,201,185
1196,611,248,243,224
1197,611,248,243,224
1198,611,244,239,220
1199,611,165,161,148
1200,611,60,57,52
1201,611,39,36,32
1202,611,39,36,32
1203,611,109,105,96
1204,611,164,160,147
1205,611,112,108,99
1206,611,49,46,42
1207,611,44,40,36
1208,611,44,41,37
1209,611,46,43,39
1210,611,137,133,122
1211,611,218,213,197
1212,611,244,238,218
1213,611,235,226,204
1214,611,228,216,193
1215,611,228,216,193
1216,611,227,215,193
1217,611,226,214,192
1218,611,226,214,192
1219,611,226,214,192
1220,611,225,213,191
1221,611,224,212,190
1222,611,219,209,186
1129,612,171,137,102
1130,612,159,128,96
1131,612,171,145,116
1132,612,206,190,164
1133,612,231,221,200
1134,612,239,234,215
1135,612,177,173,159
1136,612,69,65,59
1137,612,48,45,40
1138,612,41,38,34
1139,612,39,36,32
1140,612,39,36,32
1141,612,39,36,32
1142,612,39,36,32
1143,612,39,36,32
1144,612,42,39,34
1145,612,115,111,102
1146,612,209,204,188
1147,612,242,237,219
1148,612,248,243,224
1149,612,246,241,221
1150,612,245,239,220
1151,612,247,242,222
1152,612,231,227,209
1153,612,131,127,116
1154,612,46,43,39
1155,612,39,36,32
1156,612,99,95,87
1157,612,197,193,177
1158,612,223,218,201
1159,612,150,146,134
1160,612,63,59,54
1161,612,39,36,32
1162,612,39,36,32
1163,612,42,39,35
1164,612,185,180,166
1165,612,159,155,142
1166,612,95,92,84
1167,612,62,58,53
1168,612,54,51,46
1169,612,54,51,46
1170,612,80,77,70
1171,612,185,181,166
1172,612,243,238,220
1173,612,240,232,211
1174,612,232,221,198
1175,612,227,216,193
1176,612,229,218,195
1177,612,230,218,195
1178,612,228,216,193
1179,612,227,215,192
1180,612,226,214,192
1181,612,240,232,212
1182,612,247,241,222
1183,612,143,139,127
1184,612,64,60,55
1185,612,39,36,32
1186,612,39,36,32
1187,612,39,36,32
1188,612,40,37,33
1189,612,46,43,39
1190,612,77,73,67
1191,612,116,112,103
1192,612,160,156,144
1193,612,201,196,181
1194,612,228,223,206
1195,612,242,237,218
1196,612,248,243,224
1197,612,247,242,223
1198,612,245,240,221
1199,612,184,179,165
1200,612,64,61,55
1201,612,39,36,32
1202,612,39,36,32
1203,612,51,48,43
1204,612,60,57,51
1205,612,50,47,42
1206,612,39,36,32
1207,612,39,36,32
1208,612,39,36,32
1209,612,39,36,32
1210,612,86,83,75
1211,612,190,186,171
1212,612,246,240,220
1213,612,237,228,207
1214,612,226,214,192
1215,612,225,213,191
1216,612,225,214,191
1217,612,226,214,192
1218,612,225,213,191
1219,612,225,213,191
1220,612,225,213,191
1221,612,224,212,190
1222,612,217,207,184
1129,613,160,129,97
1130,613,170,143,113
1131,613,202,186,163
1132,613,217,205,183
1133,613,232,223,203
1134,613,243,238,219
1135,613,209,204,188
1136,613,59,55,50
1137,613,40,37,33
1138,613,39,36,32
1139,613,39,36,32
1140,613,39,36,32
1141,613,39,36,32
1142,613,39,36,32
1143,613,47,44,40
1144,613,103,99,90
1145,613,208,203,187
1146,613,242,237,218
1147,613,248,243,224
1148,613,248,243,224
1149,613,248,243,224
1150,613,248,243,224
1151,613,248,243,224
1152,613,229,224,207
1153,613,116,112,103
1154,613,45,42,38
1155,613,39,36,32
1156,613,131,127,116
1157,613,195,191,176
1158,613,179,174,160
1159,613,106,102,94
1160,613,44,41,36
1161,613,39,36,32
1162,613,40,37,33
1163,613,74,71,64
1164,613,211,206,190
1165,613,120,116,106
1166,613,51,48,43
1167,613,39,36,32
1168,613,39,36,32
1169,613,39,36,32
1170,613,52,48,44
1171,613,128,124,114
1172,613,239,234,215
1173,613,242,235,215
1174,613,231,221,199
1175,613,227,216,193
1176,613,228,217,194
1177,613,230,218,195
1178,613,229,217,194
1179,613,226,214,191
1180,613,225,213,191
1181,613,240,233,213
1182,613,247,241,222
1183,613,141,137,126
1184,613,62,59,53
1185,613,39,36,32
1186,613,39,36,32
1187,613,59,56,50
1188,613,127,123,113
1189,613,190,186,171
1190,613,202,198,182
1191,613,216,211,194
1192,613,230,226,208
1193,613,243,238,219
1194,613,248,243,224
1195,613,248,243,224
1196,613,248,243,224
1197,613,248,243,224
1198,613,245,240,221
1199,613,185,181,166
1200,613,64,61,55
1201,613,39,36,32
1202,613,39,36,32
1203,613,39,36,32
1204,613,39,36,32
1205,613,39,36,32
1206,613,39,36,32
1207,613,39,36,32
1208,613,39,36,32
1209,613,39,36,32
1210,613,101,98,89
1211,613,199,195,179
1212,613,245,239,219
1213,613,236,227,206
1214,613,228,216,193
1215,613,226,214,192
1216,613,226,214,192
1217,613,226,214,192
1218,613,226,214,191
1219,613,226,214,192
1220,613,225,214,191
1221,613,224,212,190
1222,613,218,208,185
1129,614,169,142,113
1130,614,202,187,164
1131,614,218,203,178
1132,614,220,208,185
1133,614,229,220,199
1134,614,244,238,219
1135,614,238,233,214
1136,614,134,131,120
1137,614,56,53,48
1138,614,39,36,32
1139,614,39,36,32
1140,614,39,36,32
1141,614,39,36,32
1142,614,39,36,32
1143,614,52,49,44
1144,614,135,131,120
1145,614,238,234,215
1146,614,248,243,224
1147,614,201,197,181
1148,614,148,144,132
1149,614,128,124,114
1150,614,156,151,139
1151,614,210,205,189
1152,614,226,221,204
1153,614,95,91,83
1154,614,44,40,36
1155,614,39,36,32
1156,614,143,139,127
1157,614,144,140,128
1158,614,128,124,114
1159,614,106,102,93
1160,614,39,36,32
1161,614,39,36,32
1162,614,42,39,35
1163,614,117,113,104
1164,614,224,219,202
1165,614,175,171,157
1166,614,85,82,75
1167,614,42,39,34
1168,614,39,36,32
1169,614,39,36,32
1170,614,54,51,46
1171,614,146,142,130
1172,614,240,235,217
1173,614,242,235,215
1174,614,231,221,199
1175,614,228,217,194
1176,614,228,217,194
1177,614,230,218,195
1178,614,230,218,195
1179,614,226,214,192
1180,614,225,213,191
1181,614,240,233,213
1182,614,247,241,222
1183,614,140,136,125
1184,614,62,59,53
1185,614,39,36,32
1186,614,39,36,32
1187,614,69,65,59
1188,614,166,162,149
1189,614,247,242,223
1190,614,248,243,224
1191,614,244,238,218
1192,614,245,238,218
1193,614,247,241,222
1194,614,248,243,224
1195,614,248,243,224
1196,614,238,233,214
1197,614,203,199,183
1198,614,154,150,138
1199,614,98,95,87
1200,614,49,46,41
1201,614,39,36,32
1202,614,39,36,32
1203,614,39,36,32
1204,614,39,36,32
1205,614,39,36,32
1206,614,39,36,32
1207,614,39,36,32
1208,614,44,41,36
1209,614,92,88,81
1210,614,173,169,155
1211,614,230,225,207
1212,614,244,237,218
1213,614,236,226,205
1214,614,228,216,193
1215,614,228,216,193
1216,614,229,217,194
1217,614,230,218,195
1218,614,230,218,195
1219,614,230,218,195
1220,614,228,216,193
1221,614,226,214,192
1222,614,221,211,187
1129,615,193,179,157
1130,615,219,203,178
1131,615,219,203,178
1132,615,219,207,184
1133,615,224,215,193
1134,615,236,229,209
1135,615,246,241,222
1136,615,215,210,193
1137,615,136,132,121
1138,615,84,81,74
1139,615,68,65,59
1140,615,57,54,49
1141,615,44,41,36
1142,615,39,36,32
1143,615,52,49,44
1144,615,138,134,123
1145,615,239,234,215
1146,615,247,242,223
1147,615,152,148,136
1148,615,71,68,62
1149,615,45,42,37
1150,615,68,64,58
1151,615,130,126,115
1152,615,192,188,173
1153,615,70,67,60
1154,615,41,38,34
1155,615,39,36,32
1156,615,101,97,89
1157,615,108,104,95
1158,615,125,121,111
1159,615,115,111,102
1160,615,39,36,32
1161,615,39,36,32
1162,615,44,41,36
1163,615,159,155,143
1164,615,233,228,210
1165,615,233,228,210
1166,615,129,125,115
1167,615,55,52,47
1168,615,64,61,55
1169,615,100,96,88
1170,615,133,129,118
1171,615,208,204,188
1172,615,245,240,221
1173,615,238,230,209
1174,615,231,221,198
1175,615,228,217,194
1176,615,228,217,194
1177,615,230,218,195
1178,615,228,216,193
1179,615,225,213,191
1180,615,225,213,191
1181,615,241,233,213
1182,615,247,242,222
1183,615,140,136,125
1184,615,62,59,53
1185,615,39,36,32
1186,615,39,36,32
1187,615,69,65,59
1188,615,167,162,149
1189,615,248,243,224
1190,615,243,237,217
1191,615,235,226,204
1192,615,241,234,214
1193,615,247,241,222
1194,615,224,219,202
1195,615,183,178,164
1196,615,144,140,129
1197,615,107,103,94
1198,615,68,64,58
1199,615,41,38,34
1200,615,39,36,32
1201,615,39,36,32
1202,615,39,36,32
1203,615,39,36,32
1204,615,39,36,32
1205,615,40,37,33
1206,615,50,47,42
1207,615,89,85,78
1208,615,135,131,120
1209,615,185,181,166
1210,615,231,226,208
1211,615,247,242,223
1212,615,246,240,220
1213,615,241,233,213
1214,615,235,225,204
1215,615,230,218,195
1216,615,227,215,192
1217,615,227,215,192
1218,615,228,216,193
1219,615,230,218,195
1220,615,230,218,195
1221,615,228,216,193
1222,615,217,207,184
1129,616,183,158,128
1130,616,198,180,153
1131,616,216,205,184
1132,616,222,210,188
1133,616,226,215,192
1134,616,230,219,197
1135,616,240,233,213
1136,616,247,241,222
1137,616,222,217,200
1138,616,176,171,158
1139,616,156,152,140
1140,616,112,109,99
1141,616,56,53,47
1142,616,39,36,32
1143,616,52,49,44
1144,616,133,129,118
1145,616,232,227,210
1146,616,197,192,177
1147,616,113,110,100
1148,616,59,56,51
1149,616,41,38,34
1150,616,39,36,32
1151,616,71,67,61
1152,616,147,143,131
1153,616,49,46,41
1154,616,40,37,33
1155,616,39,36,32
1156,616,61,58,53
1157,616,130,127,116
1158,616,160,156,143
1159,616,108,105,96
1160,616,39,36,32
1161,616,39,36,32
1162,616,45,42,38
1163,616,196,192,177
1164,616,241,236,217
1165,616,244,239,220
1166,616,136,132,121
1167,616,83,80,72
1168,616,135,131,120
1169,616,195,191,175
1170,616,224,219,202
1171,616,247,242,223
1172,616,242,236,215
1173,616,232,222,200
1174,616,229,218,195
1175,616,227,216,193
1176,616,228,217,194
1177,616,227,216,192
1178,616,225,213,191
1179,616,224,212,190
1180,616,226,214,192
1181,616,241,234,214
1182,616,247,242,222
1183,616,141,137,126
1184,616,62,59,54
1185,616,39,36,32
1186,616,39,36,32
1187,616,67,64,57
1188,616,161,157,144
1189,616,248,242,223
1190,616,239,231,210
1191,616,232,221,199
1192,616,242,236,215
1193,616,242,238,219
1194,616,175,171,157
1195,616,87,84,76
1196,616,50,47,42
1197,616,39,36,32
1198,616,39,36,32
1199,616,39,36,32
1200,616,39,36,32
1201,616,39,36,32
1202,616,39,36,32
1203,616,40,37,33
1204,616,54,51,46
1205,616,87,84,76
1206,616,127,124,113
1207,616,181,176,162
1208,616,233,228,210
1209,616,246,241,222
1210,616,248,243,224
1211,616,241,236,217
1212,616,235,230,212
1213,616,240,234,215
1214,616,244,238,218
1215,616,235,227,205
1216,616,227,216,193
1217,616,225,215,192
1218,616,225,215,192
1219,616,227,216,193
1220,616,228,217,194
1221,616,226,215,192
1222,616,225,216,193
1129,617,173,143,110
1130,617,178,150,118
1131,617,198,180,155
1132,617,220,207,184
1133,617,228,216,193
1134,617,230,218,195
1135,617,232,221,198
1136,617,241,233,213
1137,617,245,239,219
1138,617,247,242,223
1139,617,248,243,224
1140,617,171,166,153
1141,617,68,64,58
1142,617,39,36,32
1143,617,50,47,42
1144,617,119,115,105
1145,617,180,175,161
1146,617,103,99,91
1147,617,108,104,95
1148,617,92,89,81
1149,617,61,58,52
1150,617,54,51,46
1151,617,89,86,78
1152,617,140,136,125
1153,617,39,36,32
1154,617,39,36,32
1155,617,43,40,36
1156,617,96,93,85
1157,617,192,187,172
1158,617,185,181,166
1159,617,92,88,80
1160,617,39,36,32
1161,617,40,37,33
1162,617,54,51,46
1163,617,224,219,202
1164,617,246,241,222
1165,617,224,219,202
1166,617,120,117,107
1167,617,125,121,111
1168,617,218,213,196
1169,617,247,242,223
1170,617,244,238,218
1171,617,242,235,215
1172,617,235,225,203
1173,617,231,220,197
1174,617,229,218,195
1175,617,229,218,195
1176,617,229,218,195
1177,617,229,217,194
1178,617,228,216,193
1179,617,225,213,191
1180,617,226,214,192
1181,617,240,233,213
1182,617,247,241,222
1183,617,143,139,128
1184,617,64,61,55
1185,617,39,36,32
1186,617,39,36,32
1187,617,65,62,56
1188,617,155,151,139
1189,617,248,242,223
1190,617,239,231,210
1191,617,231,221,199
1192,617,243,236,216
1193,617,238,233,215
1194,617,149,144,133
1195,617,52,49,44
1196,617,39,36,32
1197,617,39,36,32
1198,617,39,36,32
1199,617,39,36,32
1200,617,39,36,32
1201,617,39,36,32
1202,617,39,36,32
1203,617,41,38,34
1204,617,88,84,77
1205,617,181,177,163
1206,617,236,232,213
1207,617,247,242,223
1208,617,247,241,222
1209,617,248,243,224
1210,617,240,235,217
1211,617,197,193,177
1212,617,168,164,151
1213,617,192,187,172
1214,617,238,233,214
1215,617,245,238,219
1216,617,234,224,201
1217,617,229,218,195
1218,617,228,217,194
1219,617,229,218,195
1220,617,228,217,194
1221,617,229,218,195
1222,617,226,217,194
1129,618,175,146,113
1130,618,172,141,107
1131,618,178,151,119
1132,618,209,196,173
1133,618,226,214,191
1134,618,229,217,194
1135,618,228,216,193
1136,618,229,218,195
1137,618,236,227,205
1138,618,245,238,219
1139,618,248,243,224
1140,618,172,168,154
1141,618,69,66,60
1142,618,39,36,32
1143,618,45,42,37
1144,618,81,77,70
1145,618,62,59,54
1146,618,76,73,66
1147,618,185,181,167
1148,618,180,176,162
1149,618,120,116,107
1150,618,117,113,103
1151,618,164,160,147
1152,618,166,162,149
1153,618,39,36,32
1154,618,39,36,32
1155,618,69,65,59
1156,618,181,177,163
1157,618,239,234,216
1158,618,176,172,158
1159,618,76,73,66
1160,618,39,36,32
1161,618,44,41,37
1162,618,81,78,71
1163,618,234,230,212
1164,618,248,243,224
1165,618,183,178,164
1166,618,128,124,114
1167,618,176,171,158
1168,618,248,243,224
1169,618,245,240,220
1170,618,237,229,207
1171,618,232,222,200
1172,618,231,220,198
1173,618,231,220,197
1174,618,231,220,197
1175,618,229,218,195
1176,618,230,219,196
1177,618,230,218,195
1178,618,229,217,194
1179,618,228,216,193
1180,618,227,215,193
1181,618,240,232,212
1182,618,247,241,222
1183,618,147,143,131
1184,618,66,63,57
1185,618,39,36,32
1186,618,39,36,32
1187,618,64,60,55
1188,618,151,147,135
1189,618,248,243,224
1190,618,240,233,212
1191,618,231,221,198
1192,618,240,233,212
1193,618,247,241,222
1194,618,194,190,174
1195,618,106,103,94
1196,618,52,49,44
1197,618,40,37,33
1198,618,39,36,32
1199,618,41,38,34
1200,618,44,41,36
1201,618,41,37,33
1202,618,39,36,32
1203,618,41,38,33
1204,618,113,110,100
1205,618,236,231,213
1206,618,247,242,223
1207,618,244,237,218
1208,618,243,237,217
1209,618,247,242,223
1210,618,207,202,186
1211,618,103,100,91
1212,618,43,40,36
1213,618,93,89,81
1214,618,195,191,175
1215,618,247,242,222
1216,618,241,233,212
1217,618,231,220,197
1218,618,230,219,196
1219,618,230,219,196
1220,618,229,218,195
1221,618,226,216,193
1222,618,226,217,194
1129,619,188,164,135
1130,619,171,140,106
1131,619,171,140,106
1132,619,196,177,152
1133,619,222,208,185
1134,619,228,216,193
1135,619,229,216,193
1136,619,230,217,194
1137,619,230,218,196
1138,619,240,233,212
1139,619,247,241,222
1140,619,173,169,155
1141,619,71,68,61
1142,619,39,36,32
1143,619,39,36,32
1144,619,39,36,32
1145,619,44,41,37
1146,619,160,155,143
1147,619,229,225,207
1148,619,211,206,190
1149,619,205,201,185
1150,619,236,231,213
1151,619,226,221,203
1152,619,143,139,127
1153,619,39,36,32
1154,619,39,36,32
1155,619,148,144,132
1156,619,225,221,203
1157,619,248,243,224
1158,619,166,162,149
1159,619,63,59,54
1160,619,39,36,32
1161,619,50,47,42
1162,619,117,114,104
1163,619,237,232,214
1164,619,246,241,223
1165,619,140,136,124
1166,619,155,151,139
1167,619,220,216,199
1168,619,246,241,222
1169,619,247,241,222
1170,619,246,240,220
1171,619,240,233,212
1172,619,232,222,200
1173,619,230,220,197
1174,619,231,220,197
1175,619,230,219,196
1176,619,231,220,197
1177,619,230,218,195
1178,619,229,217,194
1179,619,228,217,194
1180,619,227,215,192
1181,619,239,231,211
1182,619,247,241,222
1183,619,153,149,137
1184,619,69,66,60
1185,619,39,36,32
1186,619,39,36,32
1187,619,62,59,53
1188,619,146,142,131
1189,619,248,243,224
1190,619,240,233,213
1191,619,231,221,198
1192,619,235,226,204
1193,619,244,238,218
1194,619,247,242,223
1195,619,208,204,188
1196,619,122,119,109
1197,619,53,50,45
1198,619,49,46,41
1199,619,64,61,55
1200,619,73,70,63
1201,619,49,46,42
1202,619,39,36,32
1203,619,39,36,32
1204,619,95,92,83
1205,619,204,200,184
1206,619,246,241,221
1207,619,237,228,208
1208,619,245,240,220
1209,619,246,241,222
1210,619,139,135,124
1211,619,62,58,53
1212,619,39,36,32
1213,619,53,49,44
1214,619,120,117,107
1215,619,247,242,223
1216,619,246,240,221
1217,619,232,222,199
1218,619,230,219,196
1219,619,230,219,196
1220,619,230,219,196
1221,619,226,216,193
1222,619,226,217,194
1129,620,202,186,161
1130,620,177,149,117
1131,620,171,140,106
1132,620,182,156,125
1133,620,218,202,178
1134,620,230,217,194
1135,620,231,218,195
1136,620,232,219,196
1137,620,235,224,202
1138,620,244,237,218
1139,620,248,243,224
1140,620,174,170,156
1141,620,72,69,63
1142,620,39,36,32
1143,620,39,36,32
1144,620,42,39,35
1145,620,126,122,112
1146,620,223,218,201
1147,620,247,242,223
1148,620,246,241,222
1149,620,246,241,222
1150,620,247,242,223
1151,620,213,208,192
1152,620,98,95,87
1153,620,39,36,32
1154,620,39,36,32
1155,620,178,173,159
1156,620,237,232,213
1157,620,248,243,224
1158,620,156,152,140
1159,620,50,47,42
1160,620,39,36,32
1161,620,55,52,47
1162,620,152,148,136
1163,620,240,235,217
1164,620,221,216,199
1165,620,100,97,88
1166,620,95,92,84
1167,620,164,160,147
1168,620,215,211,194
1169,620,236,232,213
1170,620,248,243,224
1171,620,247,242,223
1172,620,244,237,218
1173,620,230,221,198
1174,620,228,217,194
1175,620,229,218,195
1176,620,232,221,199
1177,620,235,225,203
1178,620,237,228,208
1179,620,236,227,206
1180,620,231,220,199
1181,620,238,230,210
1182,620,247,241,222
1183,620,160,156,143
1184,620,73,70,64
1185,620,39,36,32
1186,620,39,36,32
1187,620,61,58,52
1188,620,142,138,127
1189,620,248,243,224
1190,620,246,241,222
1191,620,242,236,215
1192,620,246,240,221
1193,620,248,243,224
1194,620,248,243,224
1195,620,246,241,222
1196,620,237,232,214
1197,620,220,215,198
1198,620,203,198,183
1199,620,231,226,209
1200,620,175,171,157
1201,620,75,72,65
1202,620,39,36,32
1203,620,39,36,32
1204,620,77,74,67
1205,620,169,165,151
1206,620,248,243,224
1207,620,247,241,222
1208,620,248,243,224
1209,620,221,216,199
1210,620,92,89,81
1211,620,40,37,33
1212,620,39,36,32
1213,620,40,37,33
1214,620,92,89,81
1215,620,236,231,213
1216,620,247,242,223
1217,620,232,221,199
1218,620,228,217,194
1219,620,228,218,195
1220,620,227,217,194
1221,620,227,216,193
1222,620,226,217,194
1129,621,210,197,175
1130,621,185,160,130
1131,621,171,141,107
1132,621,177,150,119
1133,621,217,201,176
1134,621,231,219,195
1135,621,233,220,197
1136,621,239,230,209
1137,621,245,238,218
1138,621,247,242,223
1139,621,229,224,207
1140,621,145,141,130
1141,621,57,54,48
1142,621,39,36,32
1143,621,42,39,35
1144,621,64,61,55
1145,621,211,207,190
1146,621,244,239,220
1147,621,247,242,223
1148,621,248,242,223
1149,621,248,243,224
1150,621,214,209,193
1151,621,128,125,114
1152,621,49,45,41
1153,621,39,36,32
1154,621,41,38,34
1155,621,200,196,180
1156,621,245,240,221
1157,621,246,241,222
1158,621,148,144,132
1159,621,41,38,34
1160,621,39,36,32
1161,621,59,56,51
1162,621,183,179,164
1163,621,243,238,219
1164,621,145,141,129
1165,621,65,61,55
1166,621,48,45,40
1167,621,59,56,51
1168,621,68,65,59
1169,621,81,78,71
1170,621,125,121,111
1171,621,219,214,197
1172,621,245,240,221
1173,621,237,230,209
1174,621,229,219,196
1175,621,232,223,201
1176,621,240,233,213
1177,621,246,240,221
1178,621,246,241,222
1179,621,246,241,221
1180,621,245,240,220
1181,621,247,241,222
1182,621,248,243,224
1183,621,167,163,149
1184,621,77,74,67
1185,621,39,36,32
1186,621,39,36,32
1187,621,60,57,51
1188,621,138,134,123
1189,621,248,243,224
1190,621,248,243,224
1191,621,247,242,223
1192,621,244,239,220
1193,621,244,239,220
1194,621,247,242,223
1195,621,248,243,224
1196,621,247,242,223
1197,621,245,240,221
1198,621,242,237,219
1199,621,247,242,223
1200,621,216,211,194
1201,621,89,85,78
1202,621,39,36,32
1203,621,39,36,32
1204,621,59,56,50
1205,621,134,130,119
1206,621,248,243,224
1207,621,248,243,224
1208,621,248,243,224
1209,621,155,151,139
1210,621,67,63,57
1211,621,39,36,32
1212,621,39,36,32
1213,621,48,45,40
1214,621,111,108,98
1215,621,246,241,222
1216,621,247,241,222
1217,621,229,219,196
1218,621,227,216,193
1219,621,227,216,193
1220,621,226,216,193
1221,621,227,216,193
1222,621,226,217,194
1129,622,210,197,175
1130,622,185,160,130
1131,622,171,141,107
1132,622,189,168,145
1133,622,221,208,185
1134,622,235,224,202
1135,622,242,234,214
1136,622,245,239,220
1137,622,246,240,221
1138,622,195,190,175
1139,622,124,120,110
1140,622,68,65,59
1141,622,43,40,36
1142,622,39,36,32
1143,622,45,42,38
1144,622,88,84,77
1145,622,233,228,210
1146,622,248,243,224
1147,622,247,242,223
1148,622,248,243,224
1149,622,213,208,192
1150,622,134,130,120
1151,622,59,56,50
1152,622,39,36,32
1153,622,40,37,33
1154,622,65,62,56
1155,622,213,208,192
1156,622,247,242,224
1157,622,238,233,215
1158,622,140,136,124
1159,622,39,36,32
1160,622,39,36,32
1161,622,63,60,54
1162,622,207,203,187
1163,622,245,240,221
1164,622,147,143,131
1165,622,64,61,55
1166,622,39,36,32
1167,622,39,36,32
1168,622,39,36,32
1169,622,42,39,35
1170,622,62,59,53
1171,622,131,127,116
1172,622,239,234,216
1173,622,243,236,216
1174,622,233,223,201
1175,622,239,231,210
1176,622,246,241,221
1177,622,224,219,202
1178,622,183,178,164
1179,622,191,186,171
1180,622,237,232,214
1181,622,247,242,223
1182,622,248,243,224
1183,622,171,166,153
1184,622,79,76,69
1185,622,39,36,32
1186,622,39,36,32
1187,622,56,53,48
1188,622,120,116,106
1189,622,211,206,190
1190,622,200,196,180
1191,622,177,173,159
1192,622,123,120,110
1193,622,103,99,90
1194,622,125,122,111
1195,622,179,175,161
1196,622,233,228,210
1197,622,248,243,224
1198,622,248,243,224
1199,622,248,243,224
1200,622,241,236,217
1201,622,109,105,96
1202,622,45,42,38
1203,622,39,36,32
1204,622,44,41,36
1205,622,100,96,88
1206,622,234,230,211
1207,622,247,242,223
1208,622,233,228,210
1209,622,95,92,84
1210,622,47,44,39
1211,622,39,36,32
1212,622,39,36,32
1213,622,83,80,73
1214,622,181,176,162
1215,622,247,242,223
1216,622,242,235,214
1217,622,230,219,196
1218,622,230,219,195
1219,622,230,219,195
1220,622,230,219,196
1221,622,230,219,196
1222,622,227,219,195
1129,623,208,194,171
1130,623,183,158,127
1131,623,174,144,110
1132,623,212,193,169
1133,623,235,225,203
1134,623,244,237,217
1135,623,246,241,222
1136,623,226,221,203
1137,623,158,154,141
1138,623,99,95,87
1139,623,57,54,48
1140,623,40,37,33
1141,623,39,36,32
1142,623,39,36,32
1143,623,45,42,38
1144,623,89,85,78
1145,623,234,230,212
1146,623,248,243,224
1147,623,248,243,224
1148,623,215,210,194
1149,623,139,135,124
1150,623,65,62,56
1151,623,39,36,32
1152,623,39,36,32
1153,623,41,38,34
1154,623,105,102,93
1155,623,222,217,200
1156,623,248,243,224
1157,623,230,225,207
1158,623,132,128,118
1159,623,39,36,32
1160,623,39,36,32
1161,623,66,63,57
1162,623,229,224,206
1163,623,246,241,223
1164,623,204,200,184
1165,623,105,102,93
1166,623,51,48,43
1167,623,39,36,32
1168,623,39,36,32
1169,623,39,36,32
1170,623,50,47,42
1171,623,116,113,103
1172,623,238,233,215
1173,623,244,237,218
1174,623,235,226,204
1175,623,242,235,216
1176,623,231,226,208
1177,623,165,161,148
1178,623,85,82,75
1179,623,91,88,80
1180,623,126,122,112
1181,623,191,186,172
1182,623,184,179,165
1183,623,121,117,107
1184,623,62,59,53
1185,623,39,36,32
1186,623,39,36,32
1187,623,45,42,37
1188,623,68,65,58
1189,623,100,97,89
1190,623,95,91,83
1191,623,82,79,72
1192,623,54,51,46
1193,623,43,40,35
1194,623,54,51,46
1195,623,87,84,76
1196,623,149,145,133
1197,623,234,229,211
1198,623,248,243,224
1199,623,248,243,224
1200,623,248,243,224
1201,623,143,139,127
1202,623,63,60,54
1203,623,39,36,32
1204,623,39,36,32
1205,623,78,74,67
1206,623,193,188,173
1207,623,244,239,220
1208,623,167,163,150
1209,623,63,60,54
1210,623,40,37,33
1211,623,39,36,32
1212,623,60,57,52
1213,623,137,133,122
1214,623,232,227,209
1215,623,244,238,219
1216,623,232,223,201
1217,623,228,218,195
1218,623,229,218,195
1219,623,229,218,195
1220,623,228,217,194
1221,623,228,217,194
1222,623,227,219,195
1129,624,190,167,139
1130,624,173,143,109
1131,624,198,177,150
1132,624,231,222,202
1133,624,243,237,217
1134,624,238,233,215
1135,624,193,188,173
1136,624,131,127,116
1137,624,71,68,62
1138,624,45,42,37
1139,624,39,36,32
1140,624,40,37,33
1141,624,41,38,34
1142,624,39,36,32
1143,624,44,41,36
1144,624,79,75,69
1145,624,234,229,211
1146,624,248,243,224
1147,624,218,214,197
1148,624,142,138,127
1149,624,69,66,60
1150,624,40,37,33
1151,624,41,38,34
1152,624,39,36,32
1153,624,43,40,36
1154,624,154,150,138
1155,624,232,227,209
1156,624,248,243,224
1157,624,223,218,201
1158,624,126,122,112
1159,624,39,36,32
1160,624,40,37,33
1161,624,72,69,62
1162,624,243,238,219
1163,624,248,243,224
1164,624,242,237,219
1165,624,187,183,168
1166,624,121,118,108
1167,624,71,68,61
1168,624,47,44,40
1169,624,54,51,46
1170,624,97,93,85
1171,624,187,182,168
1172,624,243,238,219
1173,624,242,235,215
1174,624,239,230,210
1175,624,244,238,218
1176,624,209,204,188
1177,624,119,116,106
1178,624,39,36,32
1179,624,40,37,33
1180,624,48,45,41
1181,624,97,93,85
1182,624,91,87,80
1183,624,64,61,55
1184,624,45,42,37
1185,624,39,36,32
1186,624,39,36,32
1187,624,39,36,32
1188,624,39,36,32
1189,624,39,36,32
1190,624,39,36,32
1191,624,39,36,32
1192,624,39,36,32
1193,624,39,36,32
1194,624,39,36,32
1195,624,42,39,35
1196,624,81,78,70
1197,624,188,183,169
1198,624,248,243,224
1199,624,248,243,224
1200,624,248,243,224
1201,624,183,179,165
1202,624,86,83,75
1203,624,39,36,32
1204,624,39,36,32
1205,624,60,57,52
1206,624,136,132,121
1207,624,225,220,203
1208,624,91,87,79
1209,624,47,43,39
1210,624,39,36,32
1211,624,40,37,33
1212,624,101,98,89
1213,624,196,192,176
1214,624,246,240,221
1215,624,237,229,209
1216,624,228,216,194
1217,624,229,218,195
1218,624,228,217,194
1219,624,228,217,194
1220,624,228,217,194
1221,624,229,218,195
1222,624,227,219,195
1129,625,176,147,114
1130,625,191,169,140
1131,625,227,216,195
1132,625,241,236,217
1133,625,223,218,201
1134,625,167,163,150
1135,625,100,96,88
1136,625,46,43,38
1137,625,39,36,32
1138,625,39,36,32
1139,625,60,56,51
1140,625,74,71,64
1141,625,62,59,53
1142,625,39,36,32
1143,625,43,40,35
1144,625,70,67,61
1145,625,233,228,210
1146,625,224,219,202
1147,625,146,142,131
1148,625,71,68,61
1149,625,47,44,39
1150,625,58,55,49
1151,625,57,53,48
1152,625,40,37,33
1153,625,51,48,43
1154,625,202,197,182
1155,625,242,237,218
1156,625,248,243,224
1157,625,216,212,195
1158,625,120,117,107
1159,625,39,36,32
1160,625,43,40,35
1161,625,81,78,71
1162,625,248,243,224
1163,625,247,242,223
1164,625,245,239,220
1165,625,245,240,221
1166,625,209,205,188
1167,625,160,156,143
1168,625,131,127,116
1169,625,139,135,124
1170,625,184,179,165
1171,625,247,242,223
1172,625,247,241,222
1173,625,244,237,218
1174,625,244,238,218
1175,625,247,241,222
1176,625,196,191,176
1177,625,103,99,91
1178,625,39,36,32
1179,625,39,36,32
1180,625,39,36,32
1181,625,39,36,32
1182,625,39,36,32
1183,625,39,36,32
1184,625,39,36,32
1185,625,39,36,32
1186,625,39,36,32
1187,625,39,36,32
1188,625,39,36,32
1189,625,39,36,32
1190,625,39,36,32
1191,625,39,36,32
1192,625,39,36,32
1193,625,39,36,32
1194,625,39,36,32
1195,625,39,36,32
1196,625,63,59,54
1197,625,148,143,132
1198,625,248,243,224
1199,625,246,240,221
1200,625,247,242,223
1201,625,222,217,200
1202,625,113,109,100
1203,625,43,40,36
1204,625,39,36,32
1205,625,46,43,38
1206,625,81,77,70
1207,625,158,154,141
1208,625,48,45,41
1209,625,39,36,32
1210,625,39,36,32
1211,625,58,55,50
1212,625,149,145,133
1213,625,237,232,214
1214,625,243,236,216
1215,625,232,221,199
1216,625,228,216,193
1217,625,228,217,194
1218,625,229,218,194
1219,625,230,219,195
1220,625,230,219,195
1221,625,230,219,195
1222,625,227,219,195
1129,626,198,179,153
1130,626,219,207,186
1131,626,237,230,211
1132,626,231,226,208
1133,626,167,163,150
1134,626,62,59,53
1135,626,39,36,32
1136,626,39,36,32
1137,626,39,36,32
1138,626,60,57,51
1139,626,123,120,110
1140,626,143,139,128
1141,626,93,89,81
1142,626,39,36,32
1143,626,42,39,34
1144,626,64,60,55
1145,626,215,211,194
1146,626,154,150,138
1147,626,69,66,60
1148,626,40,37,33
1149,626,77,73,67
1150,626,103,99,91
1151,626,69,66,60
1152,626,44,41,37
1153,626,82,78,71
1154,626,233,228,210
1155,626,248,243,224
1156,626,248,243,224
1157,626,212,207,191
1158,626,116,112,103
1159,626,39,36,32
1160,626,46,43,38
1161,626,92,88,80
1162,626,248,243,224
1163,626,246,240,221
1164,626,237,229,208
1165,626,241,234,214
1166,626,245,239,220
1167,626,247,241,222
1168,626,248,242,223
1169,626,247,242,223
1170,626,247,241,222
1171,626,244,238,219
1172,626,244,238,218
1173,626,247,242,223
1174,626,242,237,218
1175,626,247,242,223
1176,626,194,190,175
1177,626,101,97,89
1178,626,39,36,32
1179,626,39,36,32
1180,626,39,36,32
1181,626,39,36,32
1182,626,39,36,32
1183,626,39,36,32
1184,626,39,36,32
1185,626,39,36,32
1186,626,40,37,33
1187,626,44,41,37
1188,626,53,50,45
1189,626,63,60,54
1190,626,66,63,57
1191,626,44,41,37
1192,626,39,36,32
1193,626,39,36,32
1194,626,39,36,32
1195,626,39,36,32
1196,626,65,62,56
1197,626,156,152,140
1198,626,248,243,224
1199,626,241,233,213
1200,626,245,239,219
1201,626,245,240,221
1202,626,146,142,131
1203,626,60,57,51
1204,626,39,36,32
1205,626,39,36,32
1206,626,44,41,36
1207,626,70,66,60
1208,626,41,38,34
1209,626,39,36,32
1210,626,41,38,34
1211,626,106,102,93
1212,626,197,192,177
1213,626,246,240,220
1214,626,239,230,209
1215,626,227,215,192
1216,626,228,216,193
1217,626,230,219,195
1218,626,230,219,195
1219,626,230,219,195
1220,626,230,219,195
1221,626,228,217,193
1222,626,227,219,195
1129,627,215,201,178
1130,627,227,217,196
1131,627,240,234,214
1132,627,213,208,192
1133,627,123,119,109
1134,627,39,36,32
1135,627,39,36,32
1136,627,39,36,32
1137,627,56,52,47
1138,627,134,130,119
1139,627,214,209,193
1140,627,192,187,172
1141,627,96,93,85
1142,627,39,36,32
1143,627,41,38,33
1144,627,54,51,46
1145,627,149,145,133
1146,627,64,60,55
1147,627,40,37,33
1148,627,53,50,45
1149,627,134,130,119
1150,627,154,150,138
1151,627,50,47,42
1152,627,53,50,45
1153,627,143,139,127
1154,627,239,234,216
1155,627,247,241,222
1156,627,248,242,223
1157,627,211,206,190
1158,627,115,112,102
1159,627,39,36,32
1160,627,47,44,40
1161,627,97,94,85
1162,627,248,243,224
1163,627,245,239,219
1164,627,228,218,195
1165,627,227,217,194
1166,627,234,226,204
1167,627,240,233,212
1168,627,242,236,216
1169,627,242,236,216
1170,627,239,232,211
1171,627,234,225,203
1172,627,245,238,219
1173,627,245,239,221
1174,627,212,207,190
1175,627,242,237,218
1176,627,200,195,180
1177,627,108,104,95
1178,627,39,36,32
1179,627,39,36,32
1180,627,39,36,32
1181,627,39,36,32
1182,627,51,48,43
1183,627,57,54,49
1184,627,62,59,53
1185,627,67,64,58
1186,627,74,71,64
1187,627,89,86,78
1188,627,117,113,103
1189,627,145,141,129
1190,627,146,142,130
1191,627,58,55,50
1192,627,39,36,32
1193,627,39,36,32
1194,627,39,36,32
1195,627,39,36,32
1196,627,78,75,68
1197,627,197,192,177
1198,627,247,242,223
1199,627,235,227,205
1200,627,239,232,211
1201,627,246,240,221
1202,627,189,185,170
1203,627,95,92,84
1204,627,39,36,32
1205,627,39,36,32
1206,627,39,36,32
1207,627,39,36,32
1208,627,39,36,32
1209,627,39,36,32
1210,627,60,57,52
1211,627,166,162,149
1212,627,240,235,217
1213,627,242,235,215
1214,627,231,221,199
1215,627,226,215,192
1216,627,228,216,193
1217,627,229,218,195
1218,627,228,217,194
1219,627,229,218,194
1220,627,229,218,195
1221,627,227,216,193
1222,627,228,217,194
1129,628,216,203,181
1130,628,226,215,194
1131,628,239,231,211
1132,628,224,219,202
1133,628,147,143,131
1134,628,41,38,34
1135,628,40,37,33
1136,628,47,44,39
1137,628,143,139,127
1138,628,223,218,201
1139,628,248,243,224
1140,628,194,189,174
1141,628,99,96,87
1142,628,39,36,32
1143,628,39,36,32
1144,628,42,39,35
1145,628,46,43,38
1146,628,40,37,33
1147,628,41,38,34
1148,628,108,105,96
1149,628,183,178,164
1150,628,149,145,133
1151,628,40,37,32
1152,628,65,62,56
1153,628,207,202,186
1154,628,245,240,221
1155,628,240,233,213
1156,628,245,239,220
1157,628,211,206,190
1158,628,115,111,102
1159,628,39,36,32
1160,628,47,44,40
1161,628,97,93,85
1162,628,248,243,224
1163,628,244,238,219
1164,628,225,215,193
1165,628,221,210,186
1166,628,222,211,187
1167,628,223,212,188
1168,628,223,212,188
1169,628,223,212,188
1170,628,224,213,189
1171,628,229,219,197
1172,628,247,241,222
1173,628,230,225,207
1174,628,142,138,127
1175,628,227,223,205
1176,628,211,206,190
1177,628,122,118,108
1178,628,39,36,32
1179,628,39,36,32
1180,628,39,36,32
1181,628,42,39,35
1182,628,115,111,102
1183,628,153,149,137
1184,628,180,176,161
1185,628,208,203,187
1186,628,233,228,210
1187,628,247,242,223
1188,628,248,243,224
1189,628,246,241,222
1190,628,193,189,174
1191,628,66,63,57
1192,628,39,36,32
1193,628,39,36,32
1194,628,39,36,32
1195,628,42,39,35
1196,628,96,93,85
1197,628,239,234,216
1198,628,247,242,223
1199,628,232,222,199
1200,628,233,224,202
1201,628,244,237,218
1202,628,232,227,209
1203,628,135,131,120
1204,628,42,39,35
1205,628,39,36,32
1206,628,39,36,32
1207,628,39,36,32
1208,628,39,36,32
1209,628,41,38,34
1210,628,129,126,115
1211,628,215,210,193
1212,628,245,239,220
1213,628,236,228,207
1214,628,225,215,192
1215,628,226,215,192
1216,628,228,217,194
1217,628,229,218,195
1218,628,228,217,194
1219,628,229,218,195
1220,628,229,218,195
1221,628,228,217,194
1222,628,228,216,193
1129,629,213,198,176
1130,629,219,206,184
1131,629,235,226,206
1132,629,245,240,221
1133,629,201,196,180
1134,629,82,78,71
1135,629,58,55,49
1136,629,160,156,143
1137,629,229,224,207
1138,629,247,242,223
1139,629,248,243,224
1140,629,196,191,176
1141,629,101,98,89
1142,629,39,36,32
1143,629,40,37,33
1144,629,48,44,40
1145,629,65,62,56
1146,629,44,41,37
1147,629,70,66,60
1148,629,175,171,157
1149,629,204,199,183
1150,629,118,114,104
1151,629,48,45,40
1152,629,99,96,87
1153,629,245,241,222
1154,629,246,241,222
1155,629,233,224,203
1156,629,242,236,216
1157,629,215,211,194
1158,629,119,116,106
1159,629,39,36,32
1160,629,45,42,37
1161,629,89,85,78
1162,629,248,243,224
1163,629,246,240,221
1164,629,224,214,192
1165,629,218,207,184
1166,629,220,209,186
1167,629,221,210,186
1168,629,221,210,187
1169,629,221,210,186
1170,629,224,213,190
1171,629,235,228,207
1172,629,247,242,223
1173,629,187,183,168
1174,629,109,106,97
1175,629,217,212,195
1176,629,225,220,203
1177,629,140,136,125
1178,629,39,36,32
1179,629,39,36,32
1180,629,39,36,32
1181,629,40,37,33
1182,629,198,193,178
1183,629,240,235,217
1184,629,244,239,220
1185,629,246,241,222
1186,629,247,242,223
1187,629,248,243,224
1188,629,248,243,224
1189,629,244,239,220
1190,629,150,146,134
1191,629,58,55,49
1192,629,39,36,32
1193,629,39,36,32
1194,629,39,36,32
1195,629,59,56,51
1196,629,134,130,119
1197,629,246,241,222
1198,629,244,238,218
1199,629,230,220,197
1200,629,228,218,195
1201,629,242,236,215
1202,629,247,242,223
1203,629,177,173,159
1204,629,80,77,70
1205,629,39,36,32
1206,629,39,36,32
1207,629,39,36,32
1208,629,39,36,32
1209,629,84,81,74
1210,629,199,195,179
1211,629,246,241,222
1212,629,239,232,211
1213,629,229,219,197
1214,629,230,220,198
1215,629,238,231,210
1216,629,242,235,215
1217,629,237,229,208
1218,629,230,219,197
1219,629,229,218,194
1220,629,229,218,194
1221,629,228,217,194
1222,629,227,215,192
1129,630,207,192,170
1130,630,212,199,176
1131,630,227,216,195
1132,630,242,235,216
1133,630,240,236,217
1134,630,220,216,199
1135,630,215,211,194
1136,630,234,229,211
1137,630,245,240,221
1138,630,244,238,219
1139,630,246,240,221
1140,630,196,192,176
1141,630,102,99,90
1142,630,39,36,32
1143,630,40,37,33
1144,630,54,50,45
1145,630,173,169,155
1146,630,130,126,116
1147,630,180,175,161
1148,630,230,226,208
1149,630,182,178,164
1150,630,85,81,74
1151,630,69,65,59
1152,630,169,165,151
1153,630,248,243,224
1154,630,238,231,211
1155,630,228,218,197
1156,630,241,235,215
1157,630,224,219,202
1158,630,127,123,113
1159,630,39,36,32
1160,630,40,37,33
1161,630,72,69,63
1162,630,241,236,217
1163,630,247,242,223
1164,630,243,236,217
1165,630,239,232,211
1166,630,237,230,210
1167,630,238,231,210
1168,630,239,232,212
1169,630,241,235,215
1170,630,243,238,218
1171,630,246,240,221
1172,630,248,243,224
1173,630,145,141,129
1174,630,78,74,68
1175,630,199,194,179
1176,630,241,236,217
1177,630,162,157,145
1178,630,40,37,33
1179,630,39,36,32
1180,630,39,36,32
1181,630,39,36,32
1182,630,175,171,157
1183,630,236,231,213
1184,630,244,237,217
1185,630,237,228,207
1186,630,232,222,201
1187,630,234,225,205
1188,630,247,242,223
1189,630,242,237,218
1190,630,94,90,82
1191,630,47,44,39
1192,630,39,36,32
1193,630,39,36,32
1194,630,39,36,32
1195,630,81,77,70
1196,630,176,171,158
1197,630,247,241,222
1198,630,239,231,210
1199,630,228,217,194
1200,630,229,219,197
1201,630,243,236,216
1202,630,248,243,224
1203,630,199,194,179
1204,630,106,103,94
1205,630,39,36,32
1206,630,39,36,32
1207,630,39,36,32
1208,630,39,36,32
1209,630,160,155,143
1210,630,230,225,208
1211,630,247,242,223
1212,630,237,229,208
1213,630,231,222,200
1214,630,241,234,214
1215,630,247,241,222
1216,630,247,242,223
1217,630,246,241,221
1218,630,238,231,210
1219,630,230,220,197
1220,630,227,216,193
1221,630,227,216,193
1222,630,225,213,190
1129,631,192,172,147
1130,631,208,193,171
1131,631,215,201,179
1132,631,227,218,196
1133,631,240,233,213
1134,631,247,242,222
1135,631,248,242,223
1136,631,242,236,216
1137,631,232,224,202
1138,631,235,227,206
1139,631,243,237,218
1140,631,196,191,176
1141,631,101,98,89
1142,631,39,36,32
1143,631,40,37,33
1144,631,56,52,47
1145,631,221,217,199
1146,631,220,215,198
1147,631,235,230,212
1148,631,244,239,220
1149,631,157,153,140
1150,631,61,58,52
1151,631,102,98,90
1152,631,228,223,206
1153,631,247,242,223
1154,631,230,221,198
1155,631,224,214,192
1156,631,241,234,214
1157,631,237,233,214
1158,631,140,136,124
1159,631,40,37,33
1160,631,39,36,32
1161,631,55,52,47
1162,631,150,146,134
1163,631,222,217,200
1164,631,244,239,220
1165,631,247,241,222
1166,631,246,241,222
1167,631,246,241,222
1168,631,247,242,222
1169,631,246,241,222
1170,631,241,237,218
1171,631,219,214,197
1172,631,177,173,159
1173,631,83,79,72
1174,631,49,46,41
1175,631,162,158,145
1176,631,241,236,218
1177,631,180,176,162
1178,631,61,58,53
1179,631,39,36,32
1180,631,39,36,32
1181,631,39,36,32
1182,631,143,139,128
1183,631,224,219,202
1184,631,242,235,215
1185,631,233,223,202
1186,631,231,221,199
1187,631,239,231,211
1188,631,242,237,219
1189,631,204,200,184
1190,631,59,56,50
1191,631,41,38,33
1192,631,39,36,32
1193,631,39,36,32
1194,631,39,36,32
1195,631,102,98,90
1196,631,218,213,196
1197,631,246,240,221
1198,631,233,224,202
1199,631,229,219,197
1200,631,239,231,211
1201,631,246,241,221
1202,631,226,221,203
1203,631,144,140,129
1204,631,61,58,52
1205,631,39,36,32
1206,631,39,36,32
1207,631,39,36,32
1208,631,39,36,32
1209,631,110,106,97
1210,631,212,208,191
1211,631,248,243,224
1212,631,241,234,213
1213,631,236,228,207
1214,631,245,239,220
1215,631,226,222,204
1216,631,153,149,137
1217,631,240,236,217
1218,631,245,240,220
1219,631,234,224,202
1220,631,228,217,193
1221,631,227,216,193
1222,631,226,214,191
1129,632,167,137,105
1130,632,192,173,150
1131,632,208,194,172
1132,632,218,205,183
1133,632,226,216,194
1134,632,231,221,200
1135,632,230,221,200
1136,632,226,216,195
1137,632,221,209,188
1138,632,230,221,200
1139,632,243,236,217
1140,632,194,190,175
1141,632,99,96,88
1142,632,39,36,32
1143,632,41,38,34
1144,632,58,55,50
1145,632,232,227,209
1146,632,248,243,224
1147,632,248,243,224
1148,632,228,223,206
1149,632,132,128,117
1150,632,74,70,64
1151,632,159,154,142
1152,632,246,241,222
1153,632,241,234,214
1154,632,222,212,189
1155,632,220,209,186
1156,632,238,231,211
1157,632,245,240,221
1158,632,158,154,141
1159,632,55,51,46
1160,632,39,36,32
1161,632,43,40,36
1162,632,69,66,59
1163,632,107,103,94
1164,632,130,126,115
1165,632,144,140,128
1166,632,149,145,133
1167,632,147,143,131
1168,632,141,137,125
1169,632,131,127,116
1170,632,118,115,105
1171,632,105,101,93
1172,632,82,79,72
1173,632,48,45,40
1174,632,39,36,32
1175,632,128,124,114
1176,632,227,222,204
1177,632,197,193,178
1178,632,93,89,81
1179,632,39,36,32
1180,632,39,36,32
1181,632,39,36,32
1182,632,110,106,97
1183,632,212,207,191
1184,632,246,240,221
1185,632,243,236,216
1186,632,243,236,216
1187,632,246,240,221
1188,632,232,227,209
1189,632,137,133,122
1190,632,46,43,39
1191,632,39,36,32
1192,632,39,36,32
1193,632,39,36,32
1194,632,51,48,43
1195,632,130,126,115
1196,632,241,236,218
1197,632,245,239,219
1198,632,233,224,202
1199,632,241,233,212
1200,632,246,240,221
1201,632,228,223,206
1202,632,152,148,136
1203,632,75,71,65
1204,632,40,37,33
1205,632,39,36,32
1206,632,39,36,32
1207,632,39,36,32
1208,632,39,36,32
1209,632,57,54,49
1210,632,155,151,138
1211,632,226,221,203
1212,632,246,240,220
1213,632,244,238,219
1214,632,240,236,217
1215,632,196,191,176
1216,632,74,71,64
1217,632,222,218,200
1218,632,245,240,222
1219,632,236,227,205
1220,632,230,219,195
1221,632,227,216,193
1222,632,226,214,192
1129,633,155,122,88
1130,633,157,126,94
1131,633,182,171,154
1132,633,208,194,172
1133,633,212,197,175
1134,633,217,203,181
1135,633,221,208,186
1136,633,227,217,195
1137,633,231,222,202
1138,633,239,232,212
1139,633,246,240,221
1140,633,192,187,172
1141,633,96,93,85
1142,633,39,36,32
1143,633,41,38,34
1144,633,63,59,54
1145,633,232,227,210
1146,633,248,243,224
1147,633,248,243,224
1148,633,205,200,184
1149,633,116,112,102
1150,633,108,105,96
1151,633,216,212,195
1152,633,245,240,220
1153,633,230,221,200
1154,633,221,210,187
1155,633,220,209,186
1156,633,233,225,204
1157,633,245,239,219
1158,633,188,183,169
1159,633,91,88,80
1160,633,39,36,32
1161,633,39,36,32
1162,633,39,36,32
1163,633,39,36,32
1164,633,48,45,40
1165,633,58,55,49
1166,633,62,59,53
1167,633,61,57,52
1168,633,55,52,47
1169,633,48,45,40
1170,633,40,37,33
1171,633,39,36,32
1172,633,39,36,32
1173,633,39,36,32
1174,633,39,36,32
1175,633,98,94,86
1176,633,206,201,185
1177,633,216,211,195
1178,633,130,126,115
1179,633,39,36,32
1180,633,39,36,32
1181,633,39,36,32
1182,633,73,70,63
1183,633,198,193,178
1184,633,247,242,223
1185,633,246,241,222
1186,633,238,233,215
1187,633,224,219,202
1188,633,190,186,171
1189,633,72,68,62
1190,633,41,38,34
1191,633,39,36,32
1192,633,39,36,32
1193,633,39,36,32
1194,633,78,75,68
1195,633,168,163,150
1196,633,248,242,223
1197,633,245,240,220
1198,633,239,232,211
1199,633,247,241,222
1200,633,223,219,201
1201,633,152,148,136
1202,633,77,74,67
1203,633,42,39,34
1204,633,39,36,32
1205,633,45,42,37
1206,633,58,55,49
1207,633,39,36,32
1208,633,39,36,32
1209,633,39,36,32
1210,633,83,80,72
1211,633,173,169,155
1212,633,235,230,212
1213,633,248,243,224
1214,633,236,231,213
1215,633,177,173,159
1216,633,47,43,39
1217,633,204,200,184
1218,633,242,237,219
1219,633,235,226,205
1220,633,226,215,192
1221,633,225,213,190
1222,633,221,209,188
1129,634,161,133,104
1130,634,155,122,89
1131,634,158,127,95
1132,634,192,172,149
1133,634,208,192,171
1134,634,214,199,177
1135,634,224,211,190
1136,634,240,232,212
1137,634,246,240,221
1138,634,248,243,223
1139,634,248,243,224
1140,634,185,180,166
1141,634,87,83,76
1142,634,39,36,32
1143,634,42,39,35
1144,634,68,65,59
1145,634,233,228,210
1146,634,248,243,224
1147,634,248,243,224
1148,634,189,185,170
1149,634,128,124,114
1150,634,157,153,141
1151,634,245,240,221
1152,634,241,234,214
1153,634,222,212,189
1154,634,220,208,186
1155,634,221,209,186
1156,634,229,220,198
1157,634,242,235,215
1158,634,223,218,201
1159,634,143,139,127
1160,634,49,46,42
1161,634,39,36,32
1162,634,39,36,32
1163,634,39,36,32
1164,634,39,36,32
1165,634,39,36,32
1166,634,39,36,32
1167,634,39,36,32
1168,634,39,36,32
1169,634,39,36,32
1170,634,39,36,32
1171,634,39,36,32
1172,634,39,36,32
1173,634,39,36,32
1174,634,39,36,32
1175,634,70,67,61
1176,634,193,188,173
1177,634,235,230,212
1178,634,169,164,151
1179,634,44,41,37
1180,634,39,36,32
1181,634,39,36,32
1182,634,46,43,39
1183,634,144,140,128
1184,634,180,176,161
1185,634,170,165,152
1186,634,154,150,138
1187,634,137,133,122
1188,634,109,105,96
1189,634,40,37,33
1190,634,39,36,32
1191,634,39,36,32
1192,634,39,36,32
1193,634,39,36,32
1194,634,108,104,95
1195,634,206,202,186
1196,634,248,243,224
1197,634,248,242,223
1198,634,247,242,223
1199,634,216,211,194
1200,634,146,142,130
1201,634,70,67,61
1202,634,41,38,34
1203,634,39,36,32
1204,634,58,55,50
1205,634,104,100,92
1206,634,132,128,117
1207,634,52,48,44
1208,634,40,37,33
1209,634,39,36,32
1210,634,41,38,34
1211,634,100,97,88
1212,634,186,182,167
1213,634,240,235,216
1214,634,233,228,210
1215,634,167,162,149
1216,634,46,43,38
1217,634,189,184,170
1218,634,239,234,216
1219,634,236,227,206
1220,634,225,215,192
1221,634,223,212,189
1222,634,220,209,188
1129,635,170,149,124
1130,635,161,133,104
1131,635,155,122,88
1132,635,167,138,106
1133,635,191,171,147
1134,635,210,195,173
1135,635,232,222,202
1136,635,247,241,222
1137,635,224,219,202
1138,635,204,199,183
1139,635,197,193,177
1140,635,142,138,127
1141,635,65,62,56
1142,635,39,36,32
1143,635,44,41,37
1144,635,82,79,72
1145,635,234,229,211
1146,635,248,243,224
1147,635,248,243,224
1148,635,203,198,183
1149,635,181,177,163
1150,635,213,208,192
1151,635,244,238,219
1152,635,232,223,202
1153,635,221,209,187
1154,635,221,210,187
1155,635,221,210,187
1156,635,222,212,188
1157,635,237,229,208
1158,635,244,239,220
1159,635,196,192,176
1160,635,96,93,85
1161,635,45,42,37
1162,635,39,36,32
1163,635,39,36,32
1164,635,39,36,32
1165,635,39,36,32
1166,635,39,36,32
1167,635,39,36,32
1168,635,39,36,32
1169,635,39,36,32
1170,635,39,36,32
1171,635,39,36,32
1172,635,39,36,32
1173,635,39,36,32
1174,635,47,44,40
1175,635,84,80,72
1176,635,202,197,182
1177,635,246,241,222
1178,635,202,198,182
1179,635,73,70,63
1180,635,39,36,32
1181,635,39,36,32
1182,635,39,36,32
1183,635,65,62,56
1184,635,66,63,57
1185,635,50,47,42
1186,635,39,36,32
1187,635,39,36,32
1188,635,39,36,32
1189,635,39,36,32
1190,635,39,36,32
1191,635,39,36,32
1192,635,39,36,32
1193,635,39,36,32
1194,635,127,123,113
1195,635,231,226,208
1196,635,247,242,223
1197,635,241,236,217
1198,635,208,204,188
1199,635,132,128,118
1200,635,56,53,48
1201,635,40,37,33
1202,635,40,37,33
1203,635,61,58,52
1204,635,122,118,108
1205,635,204,199,183
1206,635,224,219,202
1207,635,106,103,94
1208,635,45,42,37
1209,635,39,36,32
1210,635,39,36,32
1211,635,45,42,37
1212,635,108,105,96
1213,635,195,190,175
1214,635,214,209,193
1215,635,143,139,127
1216,635,45,42,38
1217,635,171,167,154
1218,635,236,231,213
1219,635,235,227,206
1220,635,224,214,192
1221,635,221,209,187
1222,635,220,209,188
1129,636,137,113,99
1130,636,175,158,138
1131,636,161,133,104
1132,636,155,125,93
1133,636,168,140,110
1134,636,196,176,152
1135,636,232,222,202
1136,636,247,241,222
1137,636,175,170,157
1138,636,95,92,84
1139,636,64,61,55
1140,636,51,48,43
1141,636,39,36,32
1142,636,39,36,32
1143,636,49,46,41
1144,636,116,112,102
1145,636,237,232,214
1146,636,246,241,222
1147,636,246,240,221
1148,636,247,242,223
1149,636,248,242,223
1150,636,246,241,221
1151,636,239,232,212
1152,636,224,212,191
1153,636,221,210,187
1154,636,223,212,188
1155,636,222,211,188
1156,636,222,211,187
1157,636,230,221,199
1158,636,240,234,214
1159,636,238,233,214
1160,636,187,183,168
1161,636,86,82,75
1162,636,55,52,47
1163,636,46,43,39
1164,636,42,39,35
1165,636,40,37,33
1166,636,39,36,32
1167,636,39,36,32
1168,636,39,36,32
1169,636,41,38,34
1170,636,43,40,36
1171,636,48,45,40
1172,636,54,51,46
1173,636,64,60,55
1174,636,97,93,85
1175,636,174,170,156
1176,636,237,232,214
1177,636,247,242,223
1178,636,224,219,202
1179,636,140,136,124
1180,636,41,38,34
1181,636,39,36,32
1182,636,39,36,32
1183,636,39,36,32
1184,636,39,36,32
1185,636,39,36,32
1186,636,39,36,32
1187,636,39,36,32
1188,636,39,36,32
1189,636,39,36,32
1190,636,39,36,32
1191,636,39,36,32
1192,636,39,36,32
1193,636,47,44,39
1194,636,139,135,124
1195,636,236,231,213
1196,636,235,230,212
1197,636,197,192,177
1198,636,102,99,90
1199,636,44,41,36
1200,636,39,36,32
1201,636,46,43,39
1202,636,66,62,56
1203,636,135,131,120
1204,636,216,211,194
1205,636,248,243,224
1206,636,243,238,219
1207,636,205,201,185
1208,636,71,68,61
1209,636,43,40,36
1210,636,39,36,32
1211,636,39,36,32
1212,636,48,45,40
1213,636,99,95,87
1214,636,151,147,135
1215,636,95,91,83
1216,636,44,41,37
1217,636,150,146,134
1218,636,232,227,209
1219,636,237,230,209
1220,636,225,215,192
1221,636,220,208,186
1222,636,218,205,184
1129,637,97,73,65
1130,637,151,128,114
1131,637,174,156,135
1132,637,162,132,100
1133,637,157,126,93
1134,637,172,146,117
1135,637,209,193,170
1136,637,245,239,220
1137,637,242,237,218
1138,637,139,135,124
1139,637,62,59,53
1140,637,39,36,32
1141,637,39,36,32
1142,637,40,37,33
1143,637,59,56,51
1144,637,172,168,154
1145,637,241,237,218
1146,637,238,230,210
1147,637,236,227,206
1148,637,242,235,215
1149,637,244,238,219
1150,637,239,232,211
1151,637,229,219,197
1152,637,223,211,188
1153,637,222,211,188
1154,637,223,212,189
1155,637,223,212,188
1156,637,223,212,188
1157,637,223,213,189
1158,637,231,222,201
1159,637,244,238,218
1160,637,244,239,220
1161,637,219,214,197
1162,637,142,138,127
1163,637,92,89,81
1164,637,69,66,60
1165,637,56,53,48
1166,637,51,48,43
1167,637,50,47,42
1168,637,53,50,45
1169,637,61,57,52
1170,637,74,71,64
1171,637,102,99,90
1172,637,135,131,120
1173,637,190,185,171
1174,637,234,229,211
1175,637,248,242,223
1176,637,245,239,220
1177,637,243,236,216
1178,637,244,239,220
1179,637,207,202,186
1180,637,55,51,46
1181,637,40,37,33
1182,637,39,36,32
1183,637,39,36,32
1184,637,39,36,32
1185,637,40,37,33
1186,637,41,38,34
1187,637,42,39,35
1188,637,43,40,36
1189,637,45,42,37
1190,637,46,43,39
1191,637,48,45,40
1192,637,50,47,42
1193,637,90,87,79
1194,637,178,174,160
1195,637,231,226,208
1196,637,173,169,156
1197,637,72,69,62
1198,637,44,41,37
1199,637,46,43,39
1200,637,49,46,41
1201,637,92,88,81
1202,637,177,172,158
1203,637,234,230,212
1204,637,247,242,223
1205,637,247,241,222
1206,637,247,242,223
1207,637,244,239,221
1208,637,164,160,147
1209,637,64,61,55
1210,637,40,37,33
1211,637,39,36,32
1212,637,39,36,32
1213,637,39,36,32
1214,637,39,36,32
1215,637,39,36,32
1216,637,43,40,35
1217,637,123,119,109
1218,637,227,222,205
1219,637,240,234,213
1220,637,226,215,194
1221,637,218,206,184
1222,637,209,194,171
1129,638,91,67,55
1130,638,105,79,66
1131,638,151,132,114
1132,638,176,154,126
1133,638,165,137,106
1134,638,161,129,97
1135,638,175,146,116
1136,638,224,212,191
1137,638,245,240,220
1138,638,229,224,206
1139,638,116,112,103
1140,638,41,38,33
1141,638,39,36,32
1142,638,50,47,42
1143,638,104,100,92
1144,638,240,235,216
1145,638,247,242,223
1146,638,233,223,201
1147,638,228,216,193
1148,638,228,216,193
1149,638,227,215,194
1150,638,228,216,193
1151,638,225,213,191
1152,638,225,213,190
1153,638,224,213,190
1154,638,223,212,189
1155,638,223,212,189
1156,638,224,212,189
1157,638,223,212,188
1158,638,222,212,189
1159,638,229,220,199
1160,638,243,237,217
1161,638,246,241,222
1162,638,242,237,218
1163,638,239,234,216
1164,638,238,233,215
1165,638,237,232,214
1166,638,235,230,212
1167,638,234,229,211
1168,638,236,231,213
1169,638,237,232,214
1170,638,238,233,215
1171,638,239,235,216
1172,638,241,237,218
1173,638,244,239,221
1174,638,246,241,222
1175,638,240,233,213
1176,638,230,221,199
1177,638,232,223,201
1178,638,244,238,218
1179,638,233,228,210
1180,638,146,142,130
1181,638,47,44,39
1182,638,39,36,32
1183,638,39,36,32
1184,638,41,38,34
1185,638,52,49,44
1186,638,71,68,61
1187,638,91,88,80
1188,638,112,108,99
1189,638,135,131,120
1190,638,162,158,145
1191,638,191,186,171
1192,638,218,213,197
1193,638,235,230,212
1194,638,213,209,192
1195,638,140,136,125
1196,638,73,70,64
1197,638,99,96,87
1198,638,131,127,117
1199,638,163,159,146
1200,638,209,204,188
1201,638,234,229,211
1202,638,244,239,220
1203,638,245,240,221
1204,638,240,232,211
1205,638,232,221,199
1206,638,236,226,205
1207,638,248,242,223
1208,638,243,238,220
1209,638,136,132,121
1210,638,60,57,52
1211,638,39,36,32
1212,638,39,36,32
1213,638,39,36,32
1214,638,39,36,32
1215,638,39,36,32
1216,638,40,37,33
1217,638,70,66,60
1218,638,216,211,194
1219,638,247,241,222
1220,638,228,219,199
1221,638,210,197,174
1222,638,188,162,138
1129,639,106,77,60
1130,639,95,71,55
1131,639,101,75,58
1132,639,163,147,125
1133,639,178,157,130
1134,639,170,141,109
1135,639,163,129,96
1136,639,180,153,123
1137,639,235,226,206
1138,639,245,240,221
1139,639,153,149,137
1140,639,65,62,56
1141,639,53,50,45
1142,639,112,108,99
1143,639,216,211,195
1144,639,247,242,223
1145,639,239,232,212
1146,639,227,217,195
1147,639,225,214,191
1148,639,224,213,190
1149,639,225,213,191
1150,639,226,214,191
1151,639,225,213,191
1152,639,226,214,192
1153,639,225,213,191
1154,639,224,212,190
1155,639,224,212,189
1156,639,223,211,189
1157,639,224,212,189
1158,639,223,212,189
1159,639,224,214,191
1160,639,230,220,199
1161,639,236,228,207
1162,639,242,235,215
1163,639,244,238,219
1164,639,246,241,221
1165,639,247,242,223
1166,639,248,243,224
1167,639,248,243,224
1168,639,248,243,224
1169,639,247,242,222
1170,639,246,240,221
1171,639,243,236,217
1172,639,239,232,212
1173,639,234,225,205
1174,639,228,219,197
1175,639,225,215,193
1176,639,223,212,189
1177,639,227,216,194
1178,639,236,228,207
1179,639,246,241,222
1180,639,226,222,204
1181,639,100,96,88
1182,639,48,45,41
1183,639,65,61,56
1184,639,156,152,139
1185,639,214,209,193
1186,639,219,214,197
1187,639,222,217,200
1188,639,226,221,204
1189,639,230,225,207
1190,639,235,230,212
1191,639,240,235,216
1192,639,245,240,221
1193,639,247,242,223
1194,639,223,218,201
1195,639,201,197,181
1196,639,213,208,191
1197,639,223,219,201
1198,639,229,224,207
1199,639,235,230,212
1200,639,243,238,219
1201,639,246,240,221
1202,639,241,235,214
1203,639,234,224,203
1204,639,228,217,195
1205,639,226,214,191
1206,639,228,217,195
1207,639,238,230,209
1208,639,247,242,223
1209,639,228,223,205
1210,639,142,138,126
1211,639,67,64,58
1212,639,39,36,32
1213,639,39,36,32
1214,639,39,36,32
1215,639,39,36,32
1216,639,39,36,32
1217,639,44,41,36
1218,639,171,167,153
1219,639,233,229,211
1220,639,232,223,202
1221,639,198,178,152
1222,639,162,130,108
1129,640,101,70,54
1130,640,122,89,69
1131,640,89,66,51
1132,640,109,89,71
1133,640,163,149,127
1134,640,178,158,130
1135,640,171,142,110
1136,640,164,131,97
1137,640,207,188,163
1138,640,241,234,214
1139,640,215,211,194
1140,640,157,153,141
1141,640,146,142,131
1142,640,209,204,188
1143,640,244,239,220
1144,640,240,234,213
1145,640,227,218,195
1146,640,222,211,188
1147,640,222,211,188
1148,640,223,212,189
1149,640,226,214,192
1150,640,225,213,191
1151,640,227,215,192
1152,640,227,215,192
1153,640,225,213,191
1154,640,225,213,191
1155,640,224,213,190
1156,640,221,209,187
1157,640,224,213,190
1158,640,223,212,189
1159,640,223,212,189
1160,640,227,216,193
1161,640,229,218,195
1162,640,231,220,198
1163,640,231,220,198
1164,640,230,220,199
1165,640,231,221,200
1166,640,231,221,200
1167,640,230,221,199
1168,640,231,221,199
1169,640,230,220,198
1170,640,229,220,198
1171,640,228,218,196
1172,640,226,215,193
1173,640,223,212,190
1174,640,222,210,188
1175,640,222,211,188
1176,640,224,212,189
1177,640,225,214,191
1178,640,230,220,197
1179,640,241,233,213
1180,640,246,241,222
1181,640,205,200,184
1182,640,137,133,122
1183,640,162,158,145
1184,640,219,215,198
1185,640,248,243,224
1186,640,247,241,222
1187,640,244,238,218
1188,640,243,237,216
1189,640,241,234,214
1190,640,239,232,211
1191,640,238,230,208
1192,640,240,232,212
1193,640,245,239,219
1194,640,242,237,218
1195,640,239,234,216
1196,640,245,240,221
1197,640,245,239,219
1198,640,242,235,215
1199,640,239,231,211
1200,640,236,227,206
1201,640,231,221,200
1202,640,227,217,194
1203,640,224,213,190
1204,640,222,211,188
1205,640,222,211,188
1206,640,224,213,190
1207,640,229,218,196
1208,640,239,231,211
1209,640,245,240,221
1210,640,223,218,201
1211,640,160,156,143
1212,640,86,82,75
1213,640,43,40,36
1214,640,39,36,32
1215,640,39,36,32
1216,640,39,36,32
1217,640,39,36,32
1218,640,133,129,119
1219,640,221,216,199
1220,640,230,220,198
1221,640,186,158,128
1222,640,151,130,111
1129,641,96,66,51
1130,641,98,67,52
1131,641,129,94,73
1132,641,88,72,56
1133,641,109,90,72
1134,641,163,148,127
1135,641,185,168,142
1136,641,174,148,116
1137,641,176,148,116
1138,641,218,204,181
1139,641,240,234,215
1140,641,226,221,204
1141,641,222,217,200
1142,641,243,237,219
1143,641,239,232,212
1144,641,228,219,197
1145,641,223,211,188
1146,641,222,211,188
1147,641,223,212,189
1148,641,224,212,190
1149,641,225,213,191
1150,641,227,215,192
1151,641,227,215,192
1152,641,226,214,192
1153,641,226,214,192
1154,641,226,214,191
1155,641,225,213,190
1156,641,225,213,190
1157,641,223,212,189
1158,641,222,211,188
1159,641,223,212,189
1160,641,224,212,190
1161,641,225,213,191
1162,641,225,213,191
1163,641,225,213,191
1164,641,225,213,191
1165,641,224,212,190
1166,641,225,213,190
1167,641,223,212,189
1168,641,224,213,190
1169,641,223,212,189
1170,641,223,212,189
1171,641,223,212,189
1172,641,221,210,187
1173,641,220,208,186
1174,641,221,209,187
1175,641,220,208,186
1176,641,221,210,187
1177,641,224,213,190
1178,641,225,213,192
1179,641,232,222,200
1180,641,243,236,216
1181,641,245,240,222
1182,641,217,213,196
1183,641,228,224,206
1184,641,242,237,218
1185,641,242,236,215
1186,641,236,227,206
1187,641,235,225,203
1188,641,235,225,202
1189,641,233,223,201
1190,641,232,222,200
1191,641,231,221,198
1192,641,231,221,198
1193,641,235,226,204
1194,641,240,232,211
1195,641,239,231,210
1196,641,236,227,205
1197,641,233,223,201
1198,641,230,220,198
1199,641,230,219,196
1200,641,227,216,193
1201,641,222,210,188
1202,641,221,209,187
1203,641,218,207,185
1204,641,220,208,186
1205,641,219,207,185
1206,641,221,210,188
1207,641,224,212,189
1208,641,228,217,195
1209,641,236,229,208
1210,641,245,239,220
1211,641,226,222,204
1212,641,185,180,166
1213,641,128,124,114
1214,641,71,68,62
1215,641,39,36,32
1216,641,39,36,32
1217,641,39,36,32
1218,641,151,146,134
1219,641,227,222,204
1220,641,221,206,182
1221,641,183,157,126
1222,641,175,152,129
1129,642,103,75,58
1130,642,95,65,50
1131,642,95,65,50
1132,642,133,109,86
1133,642,91,75,60
1134,642,106,88,69
1135,642,162,146,124
1136,642,190,174,148
1137,642,172,147,117
1138,642,178,154,125
1139,642,211,194,169
1140,642,233,224,204
1141,642,237,229,210
1142,642,232,223,202
1143,642,227,216,194
1144,642,225,213,190
1145,642,226,214,191
1146,642,228,216,193
1147,642,227,215,192
1148,642,228,216,193
1149,642,230,218,195
1150,642,229,217,194
1151,642,230,218,195
1152,642,229,217,194
1153,642,229,218,194
1154,642,229,217,194
1155,642,228,216,193
1156,642,228,216,193
1157,642,228,216,193
1158,642,228,216,193
1159,642,228,216,193
1160,642,228,216,193
1161,642,226,214,192
1162,642,225,213,191
1163,642,226,214,192
1164,642,225,213,191
1165,642,224,212,190
1166,642,223,212,189
1167,642,221,210,187
1168,642,221,210,187
1169,642,223,211,189
1170,642,223,212,189
1171,642,221,210,187
1172,642,219,208,186
1173,642,219,207,185
1174,642,220,208,186
1175,642,220,208,186
1176,642,223,212,189
1177,642,223,212,189
1178,642,219,208,186
1179,642,222,212,190
1180,642,231,222,200
1181,642,239,231,210
1182,642,242,235,215
1183,642,242,235,215
1184,642,238,231,210
1185,642,232,223,201
1186,642,228,217,194
1187,642,228,218,194
1188,642,230,219,196
1189,642,229,218,195
1190,642,229,218,195
1191,642,228,217,194
1192,642,228,217,194
1193,642,228,217,195
1194,642,231,219,197
1195,642,232,221,199
1196,642,226,214,192
1197,642,225,213,191
1198,642,226,214,191
1199,642,225,214,191
1200,642,221,210,187
1201,642,217,206,184
1202,642,220,208,186
1203,642,220,208,186
1204,642,218,207,185
1205,642,220,208,186
1206,642,222,211,188
1207,642,221,210,187
1208,642,220,208,186
1209,642,224,213,192
1210,642,233,224,204
1211,642,242,235,215
1212,642,241,235,217
1213,642,215,210,194
1214,642,165,161,148
1215,642,120,117,107
1216,642,99,95,87
1217,642,114,110,101
1218,642,203,199,183
1219,642,238,233,213
1220,642,208,189,163
1221,642,179,156,128
1222,642,199,174,149
1129,643,98,68,53
1130,643,103,75,58
1131,643,95,65,50
1132,643,96,77,61
1133,643,123,102,81
1134,643,99,82,65
1135,643,107,90,72
1136,643,158,141,119
1137,643,186,167,140
1138,643,164,131,97
1139,643,166,139,110
1140,643,187,164,135
1141,643,208,192,170
1142,643,214,200,178
1143,643,216,204,182
1144,643,220,209,186
1145,643,222,210,187
1146,643,222,211,188
1147,643,222,211,188
1148,643,226,214,191
1149,643,229,217,194
1150,643,226,214,192
1151,643,227,215,192
1152,643,228,216,193
1153,643,227,215,193
1154,643,225,213,191
1155,643,225,213,190
1156,643,226,214,191
1157,643,227,215,192
1158,643,228,216,193
1159,643,227,215,192
1160,643,228,216,193
1161,643,229,217,194
1162,643,229,217,194
1163,643,228,216,193
1164,643,228,216,193
1165,643,228,216,193
1166,643,227,216,192
1167,643,227,215,192
1168,643,225,213,190
1169,643,226,214,191
1170,643,227,215,192
1171,643,227,215,192
1172,643,227,215,192
1173,643,225,214,191
1174,643,225,213,190
1175,643,226,214,191
1176,643,227,216,192
1177,643,227,216,193
1178,643,226,214,191
1179,643,227,215,192
1180,643,227,216,193
1181,643,231,220,198
1182,643,233,224,201
1183,643,232,223,200
1184,643,230,220,197
1185,643,229,218,195
1186,643,228,217,194
1187,643,230,219,196
1188,643,230,219,196
1189,643,229,218,195
1190,643,229,218,194
1191,643,230,219,195
1192,643,230,219,196
1193,643,230,219,196
1194,643,230,218,195
1195,643,230,218,195
1196,643,229,217,195
1197,643,229,217,194
1198,643,230,218,195
1199,643,228,216,193
1200,643,224,212,189
1201,643,222,211,188
1202,643,223,212,189
1203,643,223,212,189
1204,643,224,212,189
1205,643,224,212,190
1206,643,225,213,190
1207,643,224,212,189
1208,643,222,211,188
1209,643,221,209,187
1210,643,222,211,189
1211,643,230,221,199
1212,643,238,231,210
1213,643,243,237,218
1214,643,241,236,217
1215,643,220,215,198
1216,643,193,189,174
1217,643,212,207,191
1218,643,241,235,217
1219,643,227,216,193
1220,643,193,173,147
1221,643,198,180,155
1222,643,131,116,100
1129,644,98,70,56
1130,644,101,72,58
1131,644,105,74,59
1132,644,97,73,54
1133,644,104,80,59
1134,644,119,91,67
1135,644,105,80,59
1136,644,103,86,70
1137,644,147,133,114
1138,644,186,167,140
1139,644,166,136,104
1140,644,162,128,93
1141,644,168,137,104
1142,644,193,176,151
1143,644,212,201,178
1144,644,218,208,186
1145,644,219,208,186
1146,644,219,208,186
1147,644,219,209,186
1148,644,220,209,187
1149,644,225,213,191
1150,644,226,214,192
1151,644,225,213,191
1152,644,226,214,192
1153,644,227,215,193
1154,644,227,215,193
1155,644,225,213,191
1156,644,225,213,191
1157,644,229,217,194
1158,644,228,216,193
1159,644,225,213,191
1160,644,226,214,192
1161,644,226,214,192
1162,644,226,214,192
1163,644,225,213,191
1164,644,225,213,191
1165,644,225,213,191
1166,644,226,214,192
1167,644,226,214,191
1168,644,226,214,191
1169,644,225,213,191
1170,644,226,214,191
1171,644,225,213,191
1172,644,225,213,191
1173,644,225,213,191
1174,644,224,212,190
1175,644,225,213,191
1176,644,228,216,193
1177,644,227,215,192
1178,644,226,214,192
1179,644,227,215,192
1180,644,228,216,193
1181,644,227,215,193
1182,644,227,215,193
1183,644,228,217,194
1184,644,228,217,194
1185,644,229,218,195
1186,644,228,217,194
1187,644,228,217,194
1188,644,229,218,195
1189,644,228,217,194
1190,644,228,217,194
1191,644,229,218,195
1192,644,228,217,194
1193,644,228,216,194
1194,644,227,215,193
1195,644,228,216,193
1196,644,229,217,194
1197,644,230,218,195
1198,644,228,216,193
1199,644,223,212,189
1200,644,220,208,186
1201,644,221,209,187
1202,644,221,209,187
1203,644,223,212,189
1204,644,223,212,189
1205,644,222,210,187
1206,644,223,211,188
1207,644,223,212,189
1208,644,224,213,190
1209,644,224,212,189
1210,644,220,208,186
1211,644,220,209,188
1212,644,225,214,193
1213,644,232,223,203
1214,644,239,231,211
1215,644,241,234,214
1216,644,239,230,210
1217,644,235,224,204
1218,644,226,213,193
1219,644,200,183,161
1220,644,195,171,148
1221,644,132,118,102
1222,644,88,71,59
1129,645,108,77,62
1130,645,99,71,57
1131,645,102,73,59
1132,645,110,82,60
1133,645,101,75,54
1134,645,106,79,57
1135,645,116,86,63
1136,645,105,80,60
1137,645,104,87,70
1138,645,155,138,115
1139,645,187,168,142
1140,645,169,138,105
1141,645,163,128,94
1142,645,171,142,110
1143,645,195,176,149
1144,645,213,200,177
1145,645,218,208,186
1146,645,218,208,186
1147,645,218,208,186
1148,645,219,209,187
1149,645,228,216,193
1150,645,229,217,194
1151,645,228,216,193
1152,645,228,216,194
1153,645,229,217,194
1154,645,228,216,193
1155,645,226,214,192
1156,645,225,213,191
1157,645,230,218,195
1158,645,228,216,193
1159,645,224,212,190
1160,645,225,213,191
1161,645,226,214,192
1162,645,227,215,192
1163,645,227,215,192
1164,645,227,215,192
1165,645,227,215,192
1166,645,227,215,193
1167,645,226,214,192
1168,645,227,215,192
1169,645,226,214,192
1170,645,225,213,191
1171,645,225,213,191
1172,645,226,214,191
1173,645,226,214,192
1174,645,226,214,192
1175,645,228,216,193
1176,645,229,217,194
1177,645,227,215,193
1178,645,228,216,194
1179,645,227,215,193
1180,645,227,215,192
1181,645,228,216,193
1182,645,229,217,194
1183,645,229,218,195
1184,645,229,218,195
1185,645,230,219,195
1186,645,228,217,193
1187,645,228,217,194
1188,645,229,218,195
1189,645,229,218,195
1190,645,228,217,194
1191,645,229,218,195
1192,645,228,217,194
1193,645,228,217,194
1194,645,227,215,192
1195,645,227,216,193
1196,645,229,217,194
1197,645,229,217,194
1198,645,226,214,192
1199,645,223,211,189
1200,645,220,209,186
1201,645,221,210,187
1202,645,222,211,188
1203,645,222,211,188
1204,645,223,212,189
1205,645,221,210,187
1206,645,223,211,189
1207,645,224,213,190
1208,645,224,213,190
1209,645,224,212,190
1210,645,223,211,189
1211,645,220,209,188
1212,645,220,209,188
1213,645,216,204,182
1214,645,211,197,174
1215,645,203,184,158
1216,645,194,175,153
1217,645,189,169,149
1218,645,187,162,141
1219,645,184,162,140
1220,645,137,119,103
1221,645,87,70,58
1222,645,113,85,68
1129,646,103,73,59
1130,646,107,77,62
1131,646,99,71,57
1132,646,106,78,58
1133,646,109,81,59
1134,646,101,75,55
1135,646,108,80,58
1136,646,115,85,62
1137,646,107,82,61
1138,646,108,91,74
1139,646,158,142,119
1140,646,185,166,139
1141,646,174,147,115
1142,646,164,131,97
1143,646,175,146,113
1144,646,196,177,149
1145,646,212,200,177
1146,646,218,208,186
1147,646,218,208,186
1148,646,219,209,187
1149,646,229,217,194
1150,646,229,217,194
1151,646,228,216,193
1152,646,228,216,193
1153,646,227,216,193
1154,646,227,215,192
1155,646,226,214,192
1156,646,226,214,192
1157,646,229,217,194
1158,646,228,216,193
1159,646,227,215,192
1160,646,228,216,193
1161,646,228,216,193
1162,646,228,216,193
1163,646,228,216,193
1164,646,228,216,193
1165,646,228,216,192
1166,646,228,216,193
1167,646,227,215,192
1168,646,226,214,192
1169,646,226,214,192
1170,646,226,214,191
1171,646,226,214,192
1172,646,226,214,192
1173,646,227,215,192
1174,646,228,216,193
1175,646,228,216,193
1176,646,226,214,192
1177,646,227,215,192
1178,646,228,216,193
1179,646,226,214,192
1180,646,226,214,192
1181,646,228,216,193
1182,646,229,218,194
1183,646,230,219,195
1184,646,228,217,194
1185,646,229,218,194
1186,646,227,216,193
1187,646,227,216,193
1188,646,228,217,194
1189,646,228,217,194
1190,646,228,217,194
1191,646,229,218,195
1192,646,229,218,195
1193,646,229,218,195
1194,646,229,217,194
1195,646,229,217,194
1196,646,229,217,194
1197,646,227,215,193
1198,646,225,213,191
1199,646,223,212,189
1200,646,222,211,188
1201,646,221,210,187
1202,646,222,210,187
1203,646,223,212,189
1204,646,222,210,187
1205,646,220,209,186
1206,646,222,211,188
1207,646,222,211,188
1208,646,221,210,187
1209,646,221,210,187
1210,646,221,209,187
1211,646,220,208,187
1212,646,216,204,182
1213,646,208,193,169
1214,646,187,163,134
1215,646,170,138,105
1216,646,161,135,109
1217,646,172,151,131
1218,646,178,156,135
1219,646,139,121,104
1220,646,92,75,63
1221,646,108,81,65
1222,646,119,87,69
